bin_id,Q2_min,Q2_max,x_min,x_max,phperp_pim_min,phperp_pim_max,z_pim_min,z_pim_max
0,1.00000000,5.00000000,0.00000000,0.16200000,0.00000000,0.20000000,0.00000000,0.15000000
1,1.00000000,5.00000000,0.00000000,0.16200000,0.00000000,0.20000000,0.15000000,0.25000000
2,1.00000000,5.00000000,0.00000000,0.16200000,0.00000000,0.20000000,0.25000000,0.35000000
3,1.00000000,5.00000000,0.00000000,0.16200000,0.00000000,0.20000000,0.35000000,0.55000000
4,1.00000000,5.00000000,0.00000000,0.16200000,0.00000000,0.20000000,0.55000000,1.00000000
5,1.00000000,5.00000000,0.00000000,0.16200000,0.20000000,0.40000000,0.00000000,0.10000000
6,1.00000000,5.00000000,0.00000000,0.16200000,0.20000000,0.40000000,0.10000000,0.15000000
7,1.00000000,5.00000000,0.00000000,0.16200000,0.20000000,0.40000000,0.15000000,0.25000000
8,1.00000000,5.00000000,0.00000000,0.16200000,0.20000000,0.40000000,0.25000000,0.35000000
9,1.00000000,5.00000000,0.00000000,0.16200000,0.20000000,0.40000000,0.35000000,0.55000000
10,1.00000000,5.00000000,0.00000000,0.16200000,0.20000000,0.40000000,0.55000000,1.00000000
11,1.00000000,5.00000000,0.00000000,0.16200000,0.40000000,0.60000000,0.00000000,0.10000000
12,1.00000000,5.00000000,0.00000000,0.16200000,0.40000000,0.60000000,0.10000000,0.15000000
13,1.00000000,5.00000000,0.00000000,0.16200000,0.40000000,0.60000000,0.15000000,0.25000000
14,1.00000000,5.00000000,0.00000000,0.16200000,0.40000000,0.60000000,0.25000000,0.35000000
15,1.00000000,5.00000000,0.00000000,0.16200000,0.40000000,0.60000000,0.35000000,0.55000000
16,1.00000000,5.00000000,0.00000000,0.16200000,0.40000000,0.60000000,0.55000000,1.00000000
17,1.00000000,5.00000000,0.00000000,0.16200000,0.60000000,1.00000000,0.00000000,0.15000000
18,1.00000000,5.00000000,0.00000000,0.16200000,0.60000000,1.00000000,0.15000000,0.25000000
19,1.00000000,5.00000000,0.00000000,0.16200000,0.60000000,1.00000000,0.25000000,0.35000000
20,1.00000000,5.00000000,0.00000000,0.16200000,0.60000000,1.00000000,0.35000000,0.55000000
21,1.00000000,5.00000000,0.00000000,0.16200000,0.60000000,1.00000000,0.55000000,1.00000000
22,1.00000000,5.00000000,0.00000000,0.16200000,1.00000000,3.00000000,0.00000000,0.25000000
23,1.00000000,5.00000000,0.00000000,0.16200000,1.00000000,3.00000000,0.25000000,0.35000000
24,1.00000000,5.00000000,0.00000000,0.16200000,1.00000000,3.00000000,0.35000000,1.00000000
25,1.00000000,5.00000000,0.16200000,0.20000000,0.00000000,0.20000000,0.00000000,0.15000000
26,1.00000000,5.00000000,0.16200000,0.20000000,0.00000000,0.20000000,0.15000000,0.25000000
27,1.00000000,5.00000000,0.16200000,0.20000000,0.00000000,0.20000000,0.25000000,0.35000000
28,1.00000000,5.00000000,0.16200000,0.20000000,0.00000000,0.20000000,0.35000000,0.55000000
29,1.00000000,5.00000000,0.16200000,0.20000000,0.00000000,0.20000000,0.55000000,1.00000000
30,1.00000000,5.00000000,0.16200000,0.20000000,0.20000000,0.40000000,0.00000000,0.10000000
31,1.00000000,5.00000000,0.16200000,0.20000000,0.20000000,0.40000000,0.10000000,0.15000000
32,1.00000000,5.00000000,0.16200000,0.20000000,0.20000000,0.40000000,0.15000000,0.25000000
33,1.00000000,5.00000000,0.16200000,0.20000000,0.20000000,0.40000000,0.25000000,0.35000000
34,1.00000000,5.00000000,0.16200000,0.20000000,0.20000000,0.40000000,0.35000000,0.55000000
35,1.00000000,5.00000000,0.16200000,0.20000000,0.20000000,0.40000000,0.55000000,1.00000000
36,1.00000000,5.00000000,0.16200000,0.20000000,0.40000000,0.60000000,0.00000000,0.10000000
37,1.00000000,5.00000000,0.16200000,0.20000000,0.40000000,0.60000000,0.10000000,0.15000000
38,1.00000000,5.00000000,0.16200000,0.20000000,0.40000000,0.60000000,0.15000000,0.25000000
39,1.00000000,5.00000000,0.16200000,0.20000000,0.40000000,0.60000000,0.25000000,0.35000000
40,1.00000000,5.00000000,0.16200000,0.20000000,0.40000000,0.60000000,0.35000000,0.55000000
41,1.00000000,5.00000000,0.16200000,0.20000000,0.40000000,0.60000000,0.55000000,1.00000000
42,1.00000000,5.00000000,0.16200000,0.20000000,0.60000000,1.00000000,0.00000000,0.15000000
43,1.00000000,5.00000000,0.16200000,0.20000000,0.60000000,1.00000000,0.15000000,0.25000000
44,1.00000000,5.00000000,0.16200000,0.20000000,0.60000000,1.00000000,0.25000000,0.35000000
45,1.00000000,5.00000000,0.16200000,0.20000000,0.60000000,1.00000000,0.35000000,0.55000000
46,1.00000000,5.00000000,0.16200000,0.20000000,0.60000000,1.00000000,0.55000000,1.00000000
47,1.00000000,5.00000000,0.16200000,0.20000000,1.00000000,3.00000000,0.00000000,0.25000000
48,1.00000000,5.00000000,0.16200000,0.20000000,1.00000000,3.00000000,0.25000000,0.35000000
49,1.00000000,5.00000000,0.16200000,0.20000000,1.00000000,3.00000000,0.35000000,1.00000000
50,1.00000000,5.00000000,0.20000000,0.23600000,0.00000000,0.20000000,0.00000000,0.15000000
51,1.00000000,5.00000000,0.20000000,0.23600000,0.00000000,0.20000000,0.15000000,0.25000000
52,1.00000000,5.00000000,0.20000000,0.23600000,0.00000000,0.20000000,0.25000000,0.35000000
53,1.00000000,5.00000000,0.20000000,0.23600000,0.00000000,0.20000000,0.35000000,0.55000000
54,1.00000000,5.00000000,0.20000000,0.23600000,0.00000000,0.20000000,0.55000000,1.00000000
55,1.00000000,5.00000000,0.20000000,0.23600000,0.20000000,0.40000000,0.00000000,0.10000000
56,1.00000000,5.00000000,0.20000000,0.23600000,0.20000000,0.40000000,0.10000000,0.15000000
57,1.00000000,5.00000000,0.20000000,0.23600000,0.20000000,0.40000000,0.15000000,0.25000000
58,1.00000000,5.00000000,0.20000000,0.23600000,0.20000000,0.40000000,0.25000000,0.35000000
59,1.00000000,5.00000000,0.20000000,0.23600000,0.20000000,0.40000000,0.35000000,0.55000000
60,1.00000000,5.00000000,0.20000000,0.23600000,0.20000000,0.40000000,0.55000000,1.00000000
61,1.00000000,5.00000000,0.20000000,0.23600000,0.40000000,0.60000000,0.00000000,0.10000000
62,1.00000000,5.00000000,0.20000000,0.23600000,0.40000000,0.60000000,0.10000000,0.15000000
63,1.00000000,5.00000000,0.20000000,0.23600000,0.40000000,0.60000000,0.15000000,0.25000000
64,1.00000000,5.00000000,0.20000000,0.23600000,0.40000000,0.60000000,0.25000000,0.35000000
65,1.00000000,5.00000000,0.20000000,0.23600000,0.40000000,0.60000000,0.35000000,0.55000000
66,1.00000000,5.00000000,0.20000000,0.23600000,0.40000000,0.60000000,0.55000000,1.00000000
67,1.00000000,5.00000000,0.20000000,0.23600000,0.60000000,1.00000000,0.00000000,0.15000000
68,1.00000000,5.00000000,0.20000000,0.23600000,0.60000000,1.00000000,0.15000000,0.25000000
69,1.00000000,5.00000000,0.20000000,0.23600000,0.60000000,1.00000000,0.25000000,0.35000000
70,1.00000000,5.00000000,0.20000000,0.23600000,0.60000000,1.00000000,0.35000000,0.55000000
71,1.00000000,5.00000000,0.20000000,0.23600000,0.60000000,1.00000000,0.55000000,1.00000000
72,1.00000000,5.00000000,0.20000000,0.23600000,1.00000000,3.00000000,0.00000000,0.25000000
73,1.00000000,5.00000000,0.20000000,0.23600000,1.00000000,3.00000000,0.25000000,0.35000000
74,1.00000000,5.00000000,0.20000000,0.23600000,1.00000000,3.00000000,0.35000000,1.00000000
75,1.00000000,5.00000000,0.23600000,0.27400000,0.00000000,0.20000000,0.00000000,0.15000000
76,1.00000000,5.00000000,0.23600000,0.27400000,0.00000000,0.20000000,0.15000000,0.25000000
77,1.00000000,5.00000000,0.23600000,0.27400000,0.00000000,0.20000000,0.25000000,0.35000000
78,1.00000000,5.00000000,0.23600000,0.27400000,0.00000000,0.20000000,0.35000000,0.55000000
79,1.00000000,5.00000000,0.23600000,0.27400000,0.00000000,0.20000000,0.55000000,1.00000000
80,1.00000000,5.00000000,0.23600000,0.27400000,0.20000000,0.40000000,0.00000000,0.10000000
81,1.00000000,5.00000000,0.23600000,0.27400000,0.20000000,0.40000000,0.10000000,0.15000000
82,1.00000000,5.00000000,0.23600000,0.27400000,0.20000000,0.40000000,0.15000000,0.25000000
83,1.00000000,5.00000000,0.23600000,0.27400000,0.20000000,0.40000000,0.25000000,0.35000000
84,1.00000000,5.00000000,0.23600000,0.27400000,0.20000000,0.40000000,0.35000000,0.55000000
85,1.00000000,5.00000000,0.23600000,0.27400000,0.20000000,0.40000000,0.55000000,1.00000000
86,1.00000000,5.00000000,0.23600000,0.27400000,0.40000000,0.60000000,0.00000000,0.10000000
87,1.00000000,5.00000000,0.23600000,0.27400000,0.40000000,0.60000000,0.10000000,0.15000000
88,1.00000000,5.00000000,0.23600000,0.27400000,0.40000000,0.60000000,0.15000000,0.25000000
89,1.00000000,5.00000000,0.23600000,0.27400000,0.40000000,0.60000000,0.25000000,0.35000000
90,1.00000000,5.00000000,0.23600000,0.27400000,0.40000000,0.60000000,0.35000000,0.55000000
91,1.00000000,5.00000000,0.23600000,0.27400000,0.40000000,0.60000000,0.55000000,1.00000000
92,1.00000000,5.00000000,0.23600000,0.27400000,0.60000000,1.00000000,0.00000000,0.15000000
93,1.00000000,5.00000000,0.23600000,0.27400000,0.60000000,1.00000000,0.15000000,0.25000000
94,1.00000000,5.00000000,0.23600000,0.27400000,0.60000000,1.00000000,0.25000000,0.35000000
95,1.00000000,5.00000000,0.23600000,0.27400000,0.60000000,1.00000000,0.35000000,0.55000000
96,1.00000000,5.00000000,0.23600000,0.27400000,0.60000000,1.00000000,0.55000000,1.00000000
97,1.00000000,5.00000000,0.23600000,0.27400000,1.00000000,3.00000000,0.00000000,0.25000000
98,1.00000000,5.00000000,0.23600000,0.27400000,1.00000000,3.00000000,0.25000000,0.35000000
99,1.00000000,5.00000000,0.23600000,0.27400000,1.00000000,3.00000000,0.35000000,1.00000000
100,1.00000000,5.00000000,0.27400000,0.31800000,0.00000000,0.20000000,0.00000000,0.15000000
101,1.00000000,5.00000000,0.27400000,0.31800000,0.00000000,0.20000000,0.15000000,0.25000000
102,1.00000000,5.00000000,0.27400000,0.31800000,0.00000000,0.20000000,0.25000000,0.35000000
103,1.00000000,5.00000000,0.27400000,0.31800000,0.00000000,0.20000000,0.35000000,0.55000000
104,1.00000000,5.00000000,0.27400000,0.31800000,0.00000000,0.20000000,0.55000000,1.00000000
105,1.00000000,5.00000000,0.27400000,0.31800000,0.20000000,0.40000000,0.00000000,0.10000000
106,1.00000000,5.00000000,0.27400000,0.31800000,0.20000000,0.40000000,0.10000000,0.15000000
107,1.00000000,5.00000000,0.27400000,0.31800000,0.20000000,0.40000000,0.15000000,0.25000000
108,1.00000000,5.00000000,0.27400000,0.31800000,0.20000000,0.40000000,0.25000000,0.35000000
109,1.00000000,5.00000000,0.27400000,0.31800000,0.20000000,0.40000000,0.35000000,0.55000000
110,1.00000000,5.00000000,0.27400000,0.31800000,0.20000000,0.40000000,0.55000000,1.00000000
111,1.00000000,5.00000000,0.27400000,0.31800000,0.40000000,0.60000000,0.00000000,0.10000000
112,1.00000000,5.00000000,0.27400000,0.31800000,0.40000000,0.60000000,0.10000000,0.15000000
113,1.00000000,5.00000000,0.27400000,0.31800000,0.40000000,0.60000000,0.15000000,0.25000000
114,1.00000000,5.00000000,0.27400000,0.31800000,0.40000000,0.60000000,0.25000000,0.35000000
115,1.00000000,5.00000000,0.27400000,0.31800000,0.40000000,0.60000000,0.35000000,0.55000000
116,1.00000000,5.00000000,0.27400000,0.31800000,0.40000000,0.60000000,0.55000000,1.00000000
117,1.00000000,5.00000000,0.27400000,0.31800000,0.60000000,1.00000000,0.00000000,0.15000000
118,1.00000000,5.00000000,0.27400000,0.31800000,0.60000000,1.00000000,0.15000000,0.25000000
119,1.00000000,5.00000000,0.27400000,0.31800000,0.60000000,1.00000000,0.25000000,0.35000000
120,1.00000000,5.00000000,0.27400000,0.31800000,0.60000000,1.00000000,0.35000000,0.55000000
121,1.00000000,5.00000000,0.27400000,0.31800000,0.60000000,1.00000000,0.55000000,1.00000000
122,1.00000000,5.00000000,0.27400000,0.31800000,1.00000000,3.00000000,0.00000000,0.25000000
123,1.00000000,5.00000000,0.27400000,0.31800000,1.00000000,3.00000000,0.25000000,0.35000000
124,1.00000000,5.00000000,0.27400000,0.31800000,1.00000000,3.00000000,0.35000000,1.00000000
125,1.00000000,5.00000000,0.31800000,0.37300000,0.00000000,0.20000000,0.00000000,0.15000000
126,1.00000000,5.00000000,0.31800000,0.37300000,0.00000000,0.20000000,0.15000000,0.25000000
127,1.00000000,5.00000000,0.31800000,0.37300000,0.00000000,0.20000000,0.25000000,0.35000000
128,1.00000000,5.00000000,0.31800000,0.37300000,0.00000000,0.20000000,0.35000000,0.55000000
129,1.00000000,5.00000000,0.31800000,0.37300000,0.00000000,0.20000000,0.55000000,1.00000000
130,1.00000000,5.00000000,0.31800000,0.37300000,0.20000000,0.40000000,0.00000000,0.10000000
131,1.00000000,5.00000000,0.31800000,0.37300000,0.20000000,0.40000000,0.10000000,0.15000000
132,1.00000000,5.00000000,0.31800000,0.37300000,0.20000000,0.40000000,0.15000000,0.25000000
133,1.00000000,5.00000000,0.31800000,0.37300000,0.20000000,0.40000000,0.25000000,0.35000000
134,1.00000000,5.00000000,0.31800000,0.37300000,0.20000000,0.40000000,0.35000000,0.55000000
135,1.00000000,5.00000000,0.31800000,0.37300000,0.20000000,0.40000000,0.55000000,1.00000000
136,1.00000000,5.00000000,0.31800000,0.37300000,0.40000000,0.60000000,0.00000000,0.10000000
137,1.00000000,5.00000000,0.31800000,0.37300000,0.40000000,0.60000000,0.10000000,0.15000000
138,1.00000000,5.00000000,0.31800000,0.37300000,0.40000000,0.60000000,0.15000000,0.25000000
139,1.00000000,5.00000000,0.31800000,0.37300000,0.40000000,0.60000000,0.25000000,0.35000000
140,1.00000000,5.00000000,0.31800000,0.37300000,0.40000000,0.60000000,0.35000000,0.55000000
141,1.00000000,5.00000000,0.31800000,0.37300000,0.40000000,0.60000000,0.55000000,1.00000000
142,1.00000000,5.00000000,0.31800000,0.37300000,0.60000000,1.00000000,0.00000000,0.15000000
143,1.00000000,5.00000000,0.31800000,0.37300000,0.60000000,1.00000000,0.15000000,0.25000000
144,1.00000000,5.00000000,0.31800000,0.37300000,0.60000000,1.00000000,0.25000000,0.35000000
145,1.00000000,5.00000000,0.31800000,0.37300000,0.60000000,1.00000000,0.35000000,0.55000000
146,1.00000000,5.00000000,0.31800000,0.37300000,0.60000000,1.00000000,0.55000000,1.00000000
147,1.00000000,5.00000000,0.31800000,0.37300000,1.00000000,3.00000000,0.00000000,0.25000000
148,1.00000000,5.00000000,0.31800000,0.37300000,1.00000000,3.00000000,0.25000000,0.35000000
149,1.00000000,5.00000000,0.31800000,0.37300000,1.00000000,3.00000000,0.35000000,1.00000000
150,1.00000000,5.00000000,0.37300000,0.45400000,0.00000000,0.20000000,0.00000000,0.15000000
151,1.00000000,5.00000000,0.37300000,0.45400000,0.00000000,0.20000000,0.15000000,0.25000000
152,1.00000000,5.00000000,0.37300000,0.45400000,0.00000000,0.20000000,0.25000000,0.35000000
153,1.00000000,5.00000000,0.37300000,0.45400000,0.00000000,0.20000000,0.35000000,0.55000000
154,1.00000000,5.00000000,0.37300000,0.45400000,0.00000000,0.20000000,0.55000000,1.00000000
155,1.00000000,5.00000000,0.37300000,0.45400000,0.20000000,0.40000000,0.00000000,0.10000000
156,1.00000000,5.00000000,0.37300000,0.45400000,0.20000000,0.40000000,0.10000000,0.15000000
157,1.00000000,5.00000000,0.37300000,0.45400000,0.20000000,0.40000000,0.15000000,0.25000000
158,1.00000000,5.00000000,0.37300000,0.45400000,0.20000000,0.40000000,0.25000000,0.35000000
159,1.00000000,5.00000000,0.37300000,0.45400000,0.20000000,0.40000000,0.35000000,0.55000000
160,1.00000000,5.00000000,0.37300000,0.45400000,0.20000000,0.40000000,0.55000000,1.00000000
161,1.00000000,5.00000000,0.37300000,0.45400000,0.40000000,0.60000000,0.00000000,0.10000000
162,1.00000000,5.00000000,0.37300000,0.45400000,0.40000000,0.60000000,0.10000000,0.15000000
163,1.00000000,5.00000000,0.37300000,0.45400000,0.40000000,0.60000000,0.15000000,0.25000000
164,1.00000000,5.00000000,0.37300000,0.45400000,0.40000000,0.60000000,0.25000000,0.35000000
165,1.00000000,5.00000000,0.37300000,0.45400000,0.40000000,0.60000000,0.35000000,0.55000000
166,1.00000000,5.00000000,0.37300000,0.45400000,0.40000000,0.60000000,0.55000000,1.00000000
167,1.00000000,5.00000000,0.37300000,0.45400000,0.60000000,1.00000000,0.00000000,0.15000000
168,1.00000000,5.00000000,0.37300000,0.45400000,0.60000000,1.00000000,0.15000000,0.25000000
169,1.00000000,5.00000000,0.37300000,0.45400000,0.60000000,1.00000000,0.25000000,0.35000000
170,1.00000000,5.00000000,0.37300000,0.45400000,0.60000000,1.00000000,0.35000000,0.55000000
171,1.00000000,5.00000000,0.37300000,0.45400000,0.60000000,1.00000000,0.55000000,1.00000000
172,1.00000000,5.00000000,0.37300000,0.45400000,1.00000000,3.00000000,0.00000000,0.25000000
173,1.00000000,5.00000000,0.37300000,0.45400000,1.00000000,3.00000000,0.25000000,0.35000000
174,1.00000000,5.00000000,0.37300000,0.45400000,1.00000000,3.00000000,0.35000000,1.00000000
175,1.00000000,5.00000000,0.45400000,1.00000000,0.00000000,0.20000000,0.00000000,0.15000000
176,1.00000000,5.00000000,0.45400000,1.00000000,0.00000000,0.20000000,0.15000000,0.25000000
177,1.00000000,5.00000000,0.45400000,1.00000000,0.00000000,0.20000000,0.25000000,0.35000000
178,1.00000000,5.00000000,0.45400000,1.00000000,0.00000000,0.20000000,0.35000000,0.55000000
179,1.00000000,5.00000000,0.45400000,1.00000000,0.00000000,0.20000000,0.55000000,1.00000000
180,1.00000000,5.00000000,0.45400000,1.00000000,0.20000000,0.40000000,0.00000000,0.10000000
181,1.00000000,5.00000000,0.45400000,1.00000000,0.20000000,0.40000000,0.10000000,0.15000000
182,1.00000000,5.00000000,0.45400000,1.00000000,0.20000000,0.40000000,0.15000000,0.25000000
183,1.00000000,5.00000000,0.45400000,1.00000000,0.20000000,0.40000000,0.25000000,0.35000000
184,1.00000000,5.00000000,0.45400000,1.00000000,0.20000000,0.40000000,0.35000000,0.55000000
185,1.00000000,5.00000000,0.45400000,1.00000000,0.20000000,0.40000000,0.55000000,1.00000000
186,1.00000000,5.00000000,0.45400000,1.00000000,0.40000000,0.60000000,0.00000000,0.10000000
187,1.00000000,5.00000000,0.45400000,1.00000000,0.40000000,0.60000000,0.10000000,0.15000000
188,1.00000000,5.00000000,0.45400000,1.00000000,0.40000000,0.60000000,0.15000000,0.25000000
189,1.00000000,5.00000000,0.45400000,1.00000000,0.40000000,0.60000000,0.25000000,0.35000000
190,1.00000000,5.00000000,0.45400000,1.00000000,0.40000000,0.60000000,0.35000000,0.55000000
191,1.00000000,5.00000000,0.45400000,1.00000000,0.40000000,0.60000000,0.55000000,1.00000000
192,1.00000000,5.00000000,0.45400000,1.00000000,0.60000000,1.00000000,0.00000000,0.15000000
193,1.00000000,5.00000000,0.45400000,1.00000000,0.60000000,1.00000000,0.15000000,0.25000000
194,1.00000000,5.00000000,0.45400000,1.00000000,0.60000000,1.00000000,0.25000000,0.35000000
195,1.00000000,5.00000000,0.45400000,1.00000000,0.60000000,1.00000000,0.35000000,0.55000000
196,1.00000000,5.00000000,0.45400000,1.00000000,0.60000000,1.00000000,0.55000000,1.00000000
197,1.00000000,5.00000000,0.45400000,1.00000000,1.00000000,3.00000000,0.00000000,0.25000000
198,1.00000000,5.00000000,0.45400000,1.00000000,1.00000000,3.00000000,0.25000000,0.35000000
199,1.00000000,5.00000000,0.45400000,1.00000000,1.00000000,3.00000000,0.35000000,1.00000000
200,5.00000000,9.00000000,0.00000000,0.27400000,0.00000000,0.20000000,0.00000000,0.15000000
201,5.00000000,9.00000000,0.00000000,0.27400000,0.00000000,0.20000000,0.15000000,0.25000000
202,5.00000000,9.00000000,0.00000000,0.27400000,0.00000000,0.20000000,0.25000000,0.35000000
203,5.00000000,9.00000000,0.00000000,0.27400000,0.00000000,0.20000000,0.35000000,0.55000000
204,5.00000000,9.00000000,0.00000000,0.27400000,0.00000000,0.20000000,0.55000000,1.00000000
205,5.00000000,9.00000000,0.00000000,0.27400000,0.20000000,0.40000000,0.00000000,0.10000000
206,5.00000000,9.00000000,0.00000000,0.27400000,0.20000000,0.40000000,0.10000000,0.15000000
207,5.00000000,9.00000000,0.00000000,0.27400000,0.20000000,0.40000000,0.15000000,0.25000000
208,5.00000000,9.00000000,0.00000000,0.27400000,0.20000000,0.40000000,0.25000000,0.35000000
209,5.00000000,9.00000000,0.00000000,0.27400000,0.20000000,0.40000000,0.35000000,0.55000000
210,5.00000000,9.00000000,0.00000000,0.27400000,0.20000000,0.40000000,0.55000000,1.00000000
211,5.00000000,9.00000000,0.00000000,0.27400000,0.40000000,0.60000000,0.00000000,0.10000000
212,5.00000000,9.00000000,0.00000000,0.27400000,0.40000000,0.60000000,0.10000000,0.15000000
213,5.00000000,9.00000000,0.00000000,0.27400000,0.40000000,0.60000000,0.15000000,0.25000000
214,5.00000000,9.00000000,0.00000000,0.27400000,0.40000000,0.60000000,0.25000000,0.35000000
215,5.00000000,9.00000000,0.00000000,0.27400000,0.40000000,0.60000000,0.35000000,0.55000000
216,5.00000000,9.00000000,0.00000000,0.27400000,0.40000000,0.60000000,0.55000000,1.00000000
217,5.00000000,9.00000000,0.00000000,0.27400000,0.60000000,1.00000000,0.00000000,0.15000000
218,5.00000000,9.00000000,0.00000000,0.27400000,0.60000000,1.00000000,0.15000000,0.25000000
219,5.00000000,9.00000000,0.00000000,0.27400000,0.60000000,1.00000000,0.25000000,0.35000000
220,5.00000000,9.00000000,0.00000000,0.27400000,0.60000000,1.00000000,0.35000000,0.55000000
221,5.00000000,9.00000000,0.00000000,0.27400000,0.60000000,1.00000000,0.55000000,1.00000000
222,5.00000000,9.00000000,0.00000000,0.27400000,1.00000000,3.00000000,0.00000000,0.25000000
223,5.00000000,9.00000000,0.00000000,0.27400000,1.00000000,3.00000000,0.25000000,0.35000000
224,5.00000000,9.00000000,0.00000000,0.27400000,1.00000000,3.00000000,0.35000000,1.00000000
225,5.00000000,9.00000000,0.27400000,0.31800000,0.00000000,0.20000000,0.00000000,0.15000000
226,5.00000000,9.00000000,0.27400000,0.31800000,0.00000000,0.20000000,0.15000000,0.25000000
227,5.00000000,9.00000000,0.27400000,0.31800000,0.00000000,0.20000000,0.25000000,0.35000000
228,5.00000000,9.00000000,0.27400000,0.31800000,0.00000000,0.20000000,0.35000000,0.55000000
229,5.00000000,9.00000000,0.27400000,0.31800000,0.00000000,0.20000000,0.55000000,1.00000000
230,5.00000000,9.00000000,0.27400000,0.31800000,0.20000000,0.40000000,0.00000000,0.10000000
231,5.00000000,9.00000000,0.27400000,0.31800000,0.20000000,0.40000000,0.10000000,0.15000000
232,5.00000000,9.00000000,0.27400000,0.31800000,0.20000000,0.40000000,0.15000000,0.25000000
233,5.00000000,9.00000000,0.27400000,0.31800000,0.20000000,0.40000000,0.25000000,0.35000000
234,5.00000000,9.00000000,0.27400000,0.31800000,0.20000000,0.40000000,0.35000000,0.55000000
235,5.00000000,9.00000000,0.27400000,0.31800000,0.20000000,0.40000000,0.55000000,1.00000000
236,5.00000000,9.00000000,0.27400000,0.31800000,0.40000000,0.60000000,0.00000000,0.10000000
237,5.00000000,9.00000000,0.27400000,0.31800000,0.40000000,0.60000000,0.10000000,0.15000000
238,5.00000000,9.00000000,0.27400000,0.31800000,0.40000000,0.60000000,0.15000000,0.25000000
239,5.00000000,9.00000000,0.27400000,0.31800000,0.40000000,0.60000000,0.25000000,0.35000000
240,5.00000000,9.00000000,0.27400000,0.31800000,0.40000000,0.60000000,0.35000000,0.55000000
241,5.00000000,9.00000000,0.27400000,0.31800000,0.40000000,0.60000000,0.55000000,1.00000000
242,5.00000000,9.00000000,0.27400000,0.31800000,0.60000000,1.00000000,0.00000000,0.15000000
243,5.00000000,9.00000000,0.27400000,0.31800000,0.60000000,1.00000000,0.15000000,0.25000000
244,5.00000000,9.00000000,0.27400000,0.31800000,0.60000000,1.00000000,0.25000000,0.35000000
245,5.00000000,9.00000000,0.27400000,0.31800000,0.60000000,1.00000000,0.35000000,0.55000000
246,5.00000000,9.00000000,0.27400000,0.31800000,0.60000000,1.00000000,0.55000000,1.00000000
247,5.00000000,9.00000000,0.27400000,0.31800000,1.00000000,3.00000000,0.00000000,0.25000000
248,5.00000000,9.00000000,0.27400000,0.31800000,1.00000000,3.00000000,0.25000000,0.35000000
249,5.00000000,9.00000000,0.27400000,0.31800000,1.00000000,3.00000000,0.35000000,1.00000000
250,5.00000000,9.00000000,0.31800000,0.37300000,0.00000000,0.20000000,0.00000000,0.15000000
251,5.00000000,9.00000000,0.31800000,0.37300000,0.00000000,0.20000000,0.15000000,0.25000000
252,5.00000000,9.00000000,0.31800000,0.37300000,0.00000000,0.20000000,0.25000000,0.35000000
253,5.00000000,9.00000000,0.31800000,0.37300000,0.00000000,0.20000000,0.35000000,0.55000000
254,5.00000000,9.00000000,0.31800000,0.37300000,0.00000000,0.20000000,0.55000000,1.00000000
255,5.00000000,9.00000000,0.31800000,0.37300000,0.20000000,0.40000000,0.00000000,0.10000000
256,5.00000000,9.00000000,0.31800000,0.37300000,0.20000000,0.40000000,0.10000000,0.15000000
257,5.00000000,9.00000000,0.31800000,0.37300000,0.20000000,0.40000000,0.15000000,0.25000000
258,5.00000000,9.00000000,0.31800000,0.37300000,0.20000000,0.40000000,0.25000000,0.35000000
259,5.00000000,9.00000000,0.31800000,0.37300000,0.20000000,0.40000000,0.35000000,0.55000000
260,5.00000000,9.00000000,0.31800000,0.37300000,0.20000000,0.40000000,0.55000000,1.00000000
261,5.00000000,9.00000000,0.31800000,0.37300000,0.40000000,0.60000000,0.00000000,0.10000000
262,5.00000000,9.00000000,0.31800000,0.37300000,0.40000000,0.60000000,0.10000000,0.15000000
263,5.00000000,9.00000000,0.31800000,0.37300000,0.40000000,0.60000000,0.15000000,0.25000000
264,5.00000000,9.00000000,0.31800000,0.37300000,0.40000000,0.60000000,0.25000000,0.35000000
265,5.00000000,9.00000000,0.31800000,0.37300000,0.40000000,0.60000000,0.35000000,0.55000000
266,5.00000000,9.00000000,0.31800000,0.37300000,0.40000000,0.60000000,0.55000000,1.00000000
267,5.00000000,9.00000000,0.31800000,0.37300000,0.60000000,1.00000000,0.00000000,0.15000000
268,5.00000000,9.00000000,0.31800000,0.37300000,0.60000000,1.00000000,0.15000000,0.25000000
269,5.00000000,9.00000000,0.31800000,0.37300000,0.60000000,1.00000000,0.25000000,0.35000000
270,5.00000000,9.00000000,0.31800000,0.37300000,0.60000000,1.00000000,0.35000000,0.55000000
271,5.00000000,9.00000000,0.31800000,0.37300000,0.60000000,1.00000000,0.55000000,1.00000000
272,5.00000000,9.00000000,0.31800000,0.37300000,1.00000000,3.00000000,0.00000000,0.25000000
273,5.00000000,9.00000000,0.31800000,0.37300000,1.00000000,3.00000000,0.25000000,0.35000000
274,5.00000000,9.00000000,0.31800000,0.37300000,1.00000000,3.00000000,0.35000000,1.00000000
275,5.00000000,9.00000000,0.37300000,0.45400000,0.00000000,0.20000000,0.00000000,0.15000000
276,5.00000000,9.00000000,0.37300000,0.45400000,0.00000000,0.20000000,0.15000000,0.25000000
277,5.00000000,9.00000000,0.37300000,0.45400000,0.00000000,0.20000000,0.25000000,0.35000000
278,5.00000000,9.00000000,0.37300000,0.45400000,0.00000000,0.20000000,0.35000000,0.55000000
279,5.00000000,9.00000000,0.37300000,0.45400000,0.00000000,0.20000000,0.55000000,1.00000000
280,5.00000000,9.00000000,0.37300000,0.45400000,0.20000000,0.40000000,0.00000000,0.10000000
281,5.00000000,9.00000000,0.37300000,0.45400000,0.20000000,0.40000000,0.10000000,0.15000000
282,5.00000000,9.00000000,0.37300000,0.45400000,0.20000000,0.40000000,0.15000000,0.25000000
283,5.00000000,9.00000000,0.37300000,0.45400000,0.20000000,0.40000000,0.25000000,0.35000000
284,5.00000000,9.00000000,0.37300000,0.45400000,0.20000000,0.40000000,0.35000000,0.55000000
285,5.00000000,9.00000000,0.37300000,0.45400000,0.20000000,0.40000000,0.55000000,1.00000000
286,5.00000000,9.00000000,0.37300000,0.45400000,0.40000000,0.60000000,0.00000000,0.10000000
287,5.00000000,9.00000000,0.37300000,0.45400000,0.40000000,0.60000000,0.10000000,0.15000000
288,5.00000000,9.00000000,0.37300000,0.45400000,0.40000000,0.60000000,0.15000000,0.25000000
289,5.00000000,9.00000000,0.37300000,0.45400000,0.40000000,0.60000000,0.25000000,0.35000000
290,5.00000000,9.00000000,0.37300000,0.45400000,0.40000000,0.60000000,0.35000000,0.55000000
291,5.00000000,9.00000000,0.37300000,0.45400000,0.40000000,0.60000000,0.55000000,1.00000000
292,5.00000000,9.00000000,0.37300000,0.45400000,0.60000000,1.00000000,0.00000000,0.15000000
293,5.00000000,9.00000000,0.37300000,0.45400000,0.60000000,1.00000000,0.15000000,0.25000000
294,5.00000000,9.00000000,0.37300000,0.45400000,0.60000000,1.00000000,0.25000000,0.35000000
295,5.00000000,9.00000000,0.37300000,0.45400000,0.60000000,1.00000000,0.35000000,0.55000000
296,5.00000000,9.00000000,0.37300000,0.45400000,0.60000000,1.00000000,0.55000000,1.00000000
297,5.00000000,9.00000000,0.37300000,0.45400000,1.00000000,3.00000000,0.00000000,0.25000000
298,5.00000000,9.00000000,0.37300000,0.45400000,1.00000000,3.00000000,0.25000000,0.35000000
299,5.00000000,9.00000000,0.37300000,0.45400000,1.00000000,3.00000000,0.35000000,1.00000000
300,5.00000000,9.00000000,0.45400000,0.60000000,0.00000000,0.20000000,0.00000000,0.15000000
301,5.00000000,9.00000000,0.45400000,0.60000000,0.00000000,0.20000000,0.15000000,0.25000000
302,5.00000000,9.00000000,0.45400000,0.60000000,0.00000000,0.20000000,0.25000000,0.35000000
303,5.00000000,9.00000000,0.45400000,0.60000000,0.00000000,0.20000000,0.35000000,0.55000000
304,5.00000000,9.00000000,0.45400000,0.60000000,0.00000000,0.20000000,0.55000000,1.00000000
305,5.00000000,9.00000000,0.45400000,0.60000000,0.20000000,0.40000000,0.00000000,0.10000000
306,5.00000000,9.00000000,0.45400000,0.60000000,0.20000000,0.40000000,0.10000000,0.15000000
307,5.00000000,9.00000000,0.45400000,0.60000000,0.20000000,0.40000000,0.15000000,0.25000000
308,5.00000000,9.00000000,0.45400000,0.60000000,0.20000000,0.40000000,0.25000000,0.35000000
309,5.00000000,9.00000000,0.45400000,0.60000000,0.20000000,0.40000000,0.35000000,0.55000000
310,5.00000000,9.00000000,0.45400000,0.60000000,0.20000000,0.40000000,0.55000000,1.00000000
311,5.00000000,9.00000000,0.45400000,0.60000000,0.40000000,0.60000000,0.00000000,0.10000000
312,5.00000000,9.00000000,0.45400000,0.60000000,0.40000000,0.60000000,0.10000000,0.15000000
313,5.00000000,9.00000000,0.45400000,0.60000000,0.40000000,0.60000000,0.15000000,0.25000000
314,5.00000000,9.00000000,0.45400000,0.60000000,0.40000000,0.60000000,0.25000000,0.35000000
315,5.00000000,9.00000000,0.45400000,0.60000000,0.40000000,0.60000000,0.35000000,0.55000000
316,5.00000000,9.00000000,0.45400000,0.60000000,0.40000000,0.60000000,0.55000000,1.00000000
317,5.00000000,9.00000000,0.45400000,0.60000000,0.60000000,1.00000000,0.00000000,0.15000000
318,5.00000000,9.00000000,0.45400000,0.60000000,0.60000000,1.00000000,0.15000000,0.25000000
319,5.00000000,9.00000000,0.45400000,0.60000000,0.60000000,1.00000000,0.25000000,0.35000000
320,5.00000000,9.00000000,0.45400000,0.60000000,0.60000000,1.00000000,0.35000000,0.55000000
321,5.00000000,9.00000000,0.45400000,0.60000000,0.60000000,1.00000000,0.55000000,1.00000000
322,5.00000000,9.00000000,0.45400000,0.60000000,1.00000000,3.00000000,0.00000000,0.25000000
323,5.00000000,9.00000000,0.45400000,0.60000000,1.00000000,3.00000000,0.25000000,0.35000000
324,5.00000000,9.00000000,0.45400000,0.60000000,1.00000000,3.00000000,0.35000000,1.00000000
325,5.00000000,9.00000000,0.60000000,1.00000000,0.00000000,0.20000000,0.00000000,0.15000000
326,5.00000000,9.00000000,0.60000000,1.00000000,0.00000000,0.20000000,0.15000000,0.25000000
327,5.00000000,9.00000000,0.60000000,1.00000000,0.00000000,0.20000000,0.25000000,0.35000000
328,5.00000000,9.00000000,0.60000000,1.00000000,0.00000000,0.20000000,0.35000000,0.55000000
329,5.00000000,9.00000000,0.60000000,1.00000000,0.00000000,0.20000000,0.55000000,1.00000000
330,5.00000000,9.00000000,0.60000000,1.00000000,0.20000000,0.40000000,0.00000000,0.10000000
331,5.00000000,9.00000000,0.60000000,1.00000000,0.20000000,0.40000000,0.10000000,0.15000000
332,5.00000000,9.00000000,0.60000000,1.00000000,0.20000000,0.40000000,0.15000000,0.25000000
333,5.00000000,9.00000000,0.60000000,1.00000000,0.20000000,0.40000000,0.25000000,0.35000000
334,5.00000000,9.00000000,0.60000000,1.00000000,0.20000000,0.40000000,0.35000000,0.55000000
335,5.00000000,9.00000000,0.60000000,1.00000000,0.20000000,0.40000000,0.55000000,1.00000000
336,5.00000000,9.00000000,0.60000000,1.00000000,0.40000000,0.60000000,0.00000000,0.10000000
337,5.00000000,9.00000000,0.60000000,1.00000000,0.40000000,0.60000000,0.10000000,0.15000000
338,5.00000000,9.00000000,0.60000000,1.00000000,0.40000000,0.60000000,0.15000000,0.25000000
339,5.00000000,9.00000000,0.60000000,1.00000000,0.40000000,0.60000000,0.25000000,0.35000000
340,5.00000000,9.00000000,0.60000000,1.00000000,0.40000000,0.60000000,0.35000000,0.55000000
341,5.00000000,9.00000000,0.60000000,1.00000000,0.40000000,0.60000000,0.55000000,1.00000000
342,5.00000000,9.00000000,0.60000000,1.00000000,0.60000000,1.00000000,0.00000000,0.15000000
343,5.00000000,9.00000000,0.60000000,1.00000000,0.60000000,1.00000000,0.15000000,0.25000000
344,5.00000000,9.00000000,0.60000000,1.00000000,0.60000000,1.00000000,0.25000000,0.35000000
345,5.00000000,9.00000000,0.60000000,1.00000000,0.60000000,1.00000000,0.35000000,0.55000000
346,5.00000000,9.00000000,0.60000000,1.00000000,0.60000000,1.00000000,0.55000000,1.00000000
347,5.00000000,9.00000000,0.60000000,1.00000000,1.00000000,3.00000000,0.00000000,0.25000000
348,5.00000000,9.00000000,0.60000000,1.00000000,1.00000000,3.00000000,0.25000000,0.35000000
349,5.00000000,9.00000000,0.60000000,1.00000000,1.00000000,3.00000000,0.35000000,1.00000000
350,9.00000000,13.00000000,0.00000000,0.37300000,0.00000000,0.20000000,0.00000000,0.15000000
351,9.00000000,13.00000000,0.00000000,0.37300000,0.00000000,0.20000000,0.15000000,0.25000000
352,9.00000000,13.00000000,0.00000000,0.37300000,0.00000000,0.20000000,0.25000000,0.35000000
353,9.00000000,13.00000000,0.00000000,0.37300000,0.00000000,0.20000000,0.35000000,0.55000000
354,9.00000000,13.00000000,0.00000000,0.37300000,0.00000000,0.20000000,0.55000000,1.00000000
355,9.00000000,13.00000000,0.00000000,0.37300000,0.20000000,0.40000000,0.00000000,0.10000000
356,9.00000000,13.00000000,0.00000000,0.37300000,0.20000000,0.40000000,0.10000000,0.15000000
357,9.00000000,13.00000000,0.00000000,0.37300000,0.20000000,0.40000000,0.15000000,0.25000000
358,9.00000000,13.00000000,0.00000000,0.37300000,0.20000000,0.40000000,0.25000000,0.35000000
359,9.00000000,13.00000000,0.00000000,0.37300000,0.20000000,0.40000000,0.35000000,0.55000000
360,9.00000000,13.00000000,0.00000000,0.37300000,0.20000000,0.40000000,0.55000000,1.00000000
361,9.00000000,13.00000000,0.00000000,0.37300000,0.40000000,0.60000000,0.00000000,0.10000000
362,9.00000000,13.00000000,0.00000000,0.37300000,0.40000000,0.60000000,0.10000000,0.15000000
363,9.00000000,13.00000000,0.00000000,0.37300000,0.40000000,0.60000000,0.15000000,0.25000000
364,9.00000000,13.00000000,0.00000000,0.37300000,0.40000000,0.60000000,0.25000000,0.35000000
365,9.00000000,13.00000000,0.00000000,0.37300000,0.40000000,0.60000000,0.35000000,0.55000000
366,9.00000000,13.00000000,0.00000000,0.37300000,0.40000000,0.60000000,0.55000000,1.00000000
367,9.00000000,13.00000000,0.00000000,0.37300000,0.60000000,1.00000000,0.00000000,0.15000000
368,9.00000000,13.00000000,0.00000000,0.37300000,0.60000000,1.00000000,0.15000000,0.25000000
369,9.00000000,13.00000000,0.00000000,0.37300000,0.60000000,1.00000000,0.25000000,0.35000000
370,9.00000000,13.00000000,0.00000000,0.37300000,0.60000000,1.00000000,0.35000000,0.55000000
371,9.00000000,13.00000000,0.00000000,0.37300000,0.60000000,1.00000000,0.55000000,1.00000000
372,9.00000000,13.00000000,0.00000000,0.37300000,1.00000000,3.00000000,0.00000000,0.25000000
373,9.00000000,13.00000000,0.00000000,0.37300000,1.00000000,3.00000000,0.25000000,0.35000000
374,9.00000000,13.00000000,0.00000000,0.37300000,1.00000000,3.00000000,0.35000000,1.00000000
375,9.00000000,13.00000000,0.37300000,0.45400000,0.00000000,0.20000000,0.00000000,0.15000000
376,9.00000000,13.00000000,0.37300000,0.45400000,0.00000000,0.20000000,0.15000000,0.25000000
377,9.00000000,13.00000000,0.37300000,0.45400000,0.00000000,0.20000000,0.25000000,0.35000000
378,9.00000000,13.00000000,0.37300000,0.45400000,0.00000000,0.20000000,0.35000000,0.55000000
379,9.00000000,13.00000000,0.37300000,0.45400000,0.00000000,0.20000000,0.55000000,1.00000000
380,9.00000000,13.00000000,0.37300000,0.45400000,0.20000000,0.40000000,0.00000000,0.10000000
381,9.00000000,13.00000000,0.37300000,0.45400000,0.20000000,0.40000000,0.10000000,0.15000000
382,9.00000000,13.00000000,0.37300000,0.45400000,0.20000000,0.40000000,0.15000000,0.25000000
383,9.00000000,13.00000000,0.37300000,0.45400000,0.20000000,0.40000000,0.25000000,0.35000000
384,9.00000000,13.00000000,0.37300000,0.45400000,0.20000000,0.40000000,0.35000000,0.55000000
385,9.00000000,13.00000000,0.37300000,0.45400000,0.20000000,0.40000000,0.55000000,1.00000000
386,9.00000000,13.00000000,0.37300000,0.45400000,0.40000000,0.60000000,0.00000000,0.10000000
387,9.00000000,13.00000000,0.37300000,0.45400000,0.40000000,0.60000000,0.10000000,0.15000000
388,9.00000000,13.00000000,0.37300000,0.45400000,0.40000000,0.60000000,0.15000000,0.25000000
389,9.00000000,13.00000000,0.37300000,0.45400000,0.40000000,0.60000000,0.25000000,0.35000000
390,9.00000000,13.00000000,0.37300000,0.45400000,0.40000000,0.60000000,0.35000000,0.55000000
391,9.00000000,13.00000000,0.37300000,0.45400000,0.40000000,0.60000000,0.55000000,1.00000000
392,9.00000000,13.00000000,0.37300000,0.45400000,0.60000000,1.00000000,0.00000000,0.15000000
393,9.00000000,13.00000000,0.37300000,0.45400000,0.60000000,1.00000000,0.15000000,0.25000000
394,9.00000000,13.00000000,0.37300000,0.45400000,0.60000000,1.00000000,0.25000000,0.35000000
395,9.00000000,13.00000000,0.37300000,0.45400000,0.60000000,1.00000000,0.35000000,0.55000000
396,9.00000000,13.00000000,0.37300000,0.45400000,0.60000000,1.00000000,0.55000000,1.00000000
397,9.00000000,13.00000000,0.37300000,0.45400000,1.00000000,3.00000000,0.00000000,0.25000000
398,9.00000000,13.00000000,0.37300000,0.45400000,1.00000000,3.00000000,0.25000000,0.35000000
399,9.00000000,13.00000000,0.37300000,0.45400000,1.00000000,3.00000000,0.35000000,1.00000000
400,9.00000000,13.00000000,0.45400000,0.60000000,0.00000000,0.20000000,0.00000000,0.15000000
401,9.00000000,13.00000000,0.45400000,0.60000000,0.00000000,0.20000000,0.15000000,0.25000000
402,9.00000000,13.00000000,0.45400000,0.60000000,0.00000000,0.20000000,0.25000000,0.35000000
403,9.00000000,13.00000000,0.45400000,0.60000000,0.00000000,0.20000000,0.35000000,0.55000000
404,9.00000000,13.00000000,0.45400000,0.60000000,0.00000000,0.20000000,0.55000000,1.00000000
405,9.00000000,13.00000000,0.45400000,0.60000000,0.20000000,0.40000000,0.00000000,0.10000000
406,9.00000000,13.00000000,0.45400000,0.60000000,0.20000000,0.40000000,0.10000000,0.15000000
407,9.00000000,13.00000000,0.45400000,0.60000000,0.20000000,0.40000000,0.15000000,0.25000000
408,9.00000000,13.00000000,0.45400000,0.60000000,0.20000000,0.40000000,0.25000000,0.35000000
409,9.00000000,13.00000000,0.45400000,0.60000000,0.20000000,0.40000000,0.35000000,0.55000000
410,9.00000000,13.00000000,0.45400000,0.60000000,0.20000000,0.40000000,0.55000000,1.00000000
411,9.00000000,13.00000000,0.45400000,0.60000000,0.40000000,0.60000000,0.00000000,0.10000000
412,9.00000000,13.00000000,0.45400000,0.60000000,0.40000000,0.60000000,0.10000000,0.15000000
413,9.00000000,13.00000000,0.45400000,0.60000000,0.40000000,0.60000000,0.15000000,0.25000000
414,9.00000000,13.00000000,0.45400000,0.60000000,0.40000000,0.60000000,0.25000000,0.35000000
415,9.00000000,13.00000000,0.45400000,0.60000000,0.40000000,0.60000000,0.35000000,0.55000000
416,9.00000000,13.00000000,0.45400000,0.60000000,0.40000000,0.60000000,0.55000000,1.00000000
417,9.00000000,13.00000000,0.45400000,0.60000000,0.60000000,1.00000000,0.00000000,0.15000000
418,9.00000000,13.00000000,0.45400000,0.60000000,0.60000000,1.00000000,0.15000000,0.25000000
419,9.00000000,13.00000000,0.45400000,0.60000000,0.60000000,1.00000000,0.25000000,0.35000000
420,9.00000000,13.00000000,0.45400000,0.60000000,0.60000000,1.00000000,0.35000000,0.55000000
421,9.00000000,13.00000000,0.45400000,0.60000000,0.60000000,1.00000000,0.55000000,1.00000000
422,9.00000000,13.00000000,0.45400000,0.60000000,1.00000000,3.00000000,0.00000000,0.25000000
423,9.00000000,13.00000000,0.45400000,0.60000000,1.00000000,3.00000000,0.25000000,0.35000000
424,9.00000000,13.00000000,0.45400000,0.60000000,1.00000000,3.00000000,0.35000000,1.00000000
425,9.00000000,13.00000000,0.60000000,1.00000000,0.00000000,0.20000000,0.00000000,0.15000000
426,9.00000000,13.00000000,0.60000000,1.00000000,0.00000000,0.20000000,0.15000000,0.25000000
427,9.00000000,13.00000000,0.60000000,1.00000000,0.00000000,0.20000000,0.25000000,0.35000000
428,9.00000000,13.00000000,0.60000000,1.00000000,0.00000000,0.20000000,0.35000000,0.55000000
429,9.00000000,13.00000000,0.60000000,1.00000000,0.00000000,0.20000000,0.55000000,1.00000000
430,9.00000000,13.00000000,0.60000000,1.00000000,0.20000000,0.40000000,0.00000000,0.10000000
431,9.00000000,13.00000000,0.60000000,1.00000000,0.20000000,0.40000000,0.10000000,0.15000000
432,9.00000000,13.00000000,0.60000000,1.00000000,0.20000000,0.40000000,0.15000000,0.25000000
433,9.00000000,13.00000000,0.60000000,1.00000000,0.20000000,0.40000000,0.25000000,0.35000000
434,9.00000000,13.00000000,0.60000000,1.00000000,0.20000000,0.40000000,0.35000000,0.55000000
435,9.00000000,13.00000000,0.60000000,1.00000000,0.20000000,0.40000000,0.55000000,1.00000000
436,9.00000000,13.00000000,0.60000000,1.00000000,0.40000000,0.60000000,0.00000000,0.10000000
437,9.00000000,13.00000000,0.60000000,1.00000000,0.40000000,0.60000000,0.10000000,0.15000000
438,9.00000000,13.00000000,0.60000000,1.00000000,0.40000000,0.60000000,0.15000000,0.25000000
439,9.00000000,13.00000000,0.60000000,1.00000000,0.40000000,0.60000000,0.25000000,0.35000000
440,9.00000000,13.00000000,0.60000000,1.00000000,0.40000000,0.60000000,0.35000000,0.55000000
441,9.00000000,13.00000000,0.60000000,1.00000000,0.40000000,0.60000000,0.55000000,1.00000000
442,9.00000000,13.00000000,0.60000000,1.00000000,0.60000000,1.00000000,0.00000000,0.15000000
443,9.00000000,13.00000000,0.60000000,1.00000000,0.60000000,1.00000000,0.15000000,0.25000000
444,9.00000000,13.00000000,0.60000000,1.00000000,0.60000000,1.00000000,0.25000000,0.35000000
445,9.00000000,13.00000000,0.60000000,1.00000000,0.60000000,1.00000000,0.35000000,0.55000000
446,9.00000000,13.00000000,0.60000000,1.00000000,0.60000000,1.00000000,0.55000000,1.00000000
447,9.00000000,13.00000000,0.60000000,1.00000000,1.00000000,3.00000000,0.00000000,0.25000000
448,9.00000000,13.00000000,0.60000000,1.00000000,1.00000000,3.00000000,0.25000000,0.35000000
449,9.00000000,13.00000000,0.60000000,1.00000000,1.00000000,3.00000000,0.35000000,1.00000000
450,13.00000000,22.00000000,0.00000000,0.60000000,0.00000000,0.20000000,0.00000000,0.15000000
451,13.00000000,22.00000000,0.00000000,0.60000000,0.00000000,0.20000000,0.15000000,0.25000000
452,13.00000000,22.00000000,0.00000000,0.60000000,0.00000000,0.20000000,0.25000000,0.35000000
453,13.00000000,22.00000000,0.00000000,0.60000000,0.00000000,0.20000000,0.35000000,0.55000000
454,13.00000000,22.00000000,0.00000000,0.60000000,0.00000000,0.20000000,0.55000000,1.00000000
455,13.00000000,22.00000000,0.00000000,0.60000000,0.20000000,0.40000000,0.00000000,0.10000000
456,13.00000000,22.00000000,0.00000000,0.60000000,0.20000000,0.40000000,0.10000000,0.15000000
457,13.00000000,22.00000000,0.00000000,0.60000000,0.20000000,0.40000000,0.15000000,0.25000000
458,13.00000000,22.00000000,0.00000000,0.60000000,0.20000000,0.40000000,0.25000000,0.35000000
459,13.00000000,22.00000000,0.00000000,0.60000000,0.20000000,0.40000000,0.35000000,0.55000000
460,13.00000000,22.00000000,0.00000000,0.60000000,0.20000000,0.40000000,0.55000000,1.00000000
461,13.00000000,22.00000000,0.00000000,0.60000000,0.40000000,0.60000000,0.00000000,0.10000000
462,13.00000000,22.00000000,0.00000000,0.60000000,0.40000000,0.60000000,0.10000000,0.15000000
463,13.00000000,22.00000000,0.00000000,0.60000000,0.40000000,0.60000000,0.15000000,0.25000000
464,13.00000000,22.00000000,0.00000000,0.60000000,0.40000000,0.60000000,0.25000000,0.35000000
465,13.00000000,22.00000000,0.00000000,0.60000000,0.40000000,0.60000000,0.35000000,0.55000000
466,13.00000000,22.00000000,0.00000000,0.60000000,0.40000000,0.60000000,0.55000000,1.00000000
467,13.00000000,22.00000000,0.00000000,0.60000000,0.60000000,1.00000000,0.00000000,0.15000000
468,13.00000000,22.00000000,0.00000000,0.60000000,0.60000000,1.00000000,0.15000000,0.25000000
469,13.00000000,22.00000000,0.00000000,0.60000000,0.60000000,1.00000000,0.25000000,0.35000000
470,13.00000000,22.00000000,0.00000000,0.60000000,0.60000000,1.00000000,0.35000000,0.55000000
471,13.00000000,22.00000000,0.00000000,0.60000000,0.60000000,1.00000000,0.55000000,1.00000000
472,13.00000000,22.00000000,0.00000000,0.60000000,1.00000000,3.00000000,0.00000000,0.25000000
473,13.00000000,22.00000000,0.00000000,0.60000000,1.00000000,3.00000000,0.25000000,0.35000000
474,13.00000000,22.00000000,0.00000000,0.60000000,1.00000000,3.00000000,0.35000000,1.00000000
475,13.00000000,22.00000000,0.60000000,1.00000000,0.00000000,0.20000000,0.00000000,0.15000000
476,13.00000000,22.00000000,0.60000000,1.00000000,0.00000000,0.20000000,0.15000000,0.25000000
477,13.00000000,22.00000000,0.60000000,1.00000000,0.00000000,0.20000000,0.25000000,0.35000000
478,13.00000000,22.00000000,0.60000000,1.00000000,0.00000000,0.20000000,0.35000000,0.55000000
479,13.00000000,22.00000000,0.60000000,1.00000000,0.00000000,0.20000000,0.55000000,1.00000000
480,13.00000000,22.00000000,0.60000000,1.00000000,0.20000000,0.40000000,0.00000000,0.10000000
481,13.00000000,22.00000000,0.60000000,1.00000000,0.20000000,0.40000000,0.10000000,0.15000000
482,13.00000000,22.00000000,0.60000000,1.00000000,0.20000000,0.40000000,0.15000000,0.25000000
483,13.00000000,22.00000000,0.60000000,1.00000000,0.20000000,0.40000000,0.25000000,0.35000000
484,13.00000000,22.00000000,0.60000000,1.00000000,0.20000000,0.40000000,0.35000000,0.55000000
485,13.00000000,22.00000000,0.60000000,1.00000000,0.20000000,0.40000000,0.55000000,1.00000000
486,13.00000000,22.00000000,0.60000000,1.00000000,0.40000000,0.60000000,0.00000000,0.10000000
487,13.00000000,22.00000000,0.60000000,1.00000000,0.40000000,0.60000000,0.10000000,0.15000000
488,13.00000000,22.00000000,0.60000000,1.00000000,0.40000000,0.60000000,0.15000000,0.25000000
489,13.00000000,22.00000000,0.60000000,1.00000000,0.40000000,0.60000000,0.25000000,0.35000000
490,13.00000000,22.00000000,0.60000000,1.00000000,0.40000000,0.60000000,0.35000000,0.55000000
491,13.00000000,22.00000000,0.60000000,1.00000000,0.40000000,0.60000000,0.55000000,1.00000000
492,13.00000000,22.00000000,0.60000000,1.00000000,0.60000000,1.00000000,0.00000000,0.15000000
493,13.00000000,22.00000000,0.60000000,1.00000000,0.60000000,1.00000000,0.15000000,0.25000000
494,13.00000000,22.00000000,0.60000000,1.00000000,0.60000000,1.00000000,0.25000000,0.35000000
495,13.00000000,22.00000000,0.60000000,1.00000000,0.60000000,1.00000000,0.35000000,0.55000000
496,13.00000000,22.00000000,0.60000000,1.00000000,0.60000000,1.00000000,0.55000000,1.00000000
497,13.00000000,22.00000000,0.60000000,1.00000000,1.00000000,3.00000000,0.00000000,0.25000000
498,13.00000000,22.00000000,0.60000000,1.00000000,1.00000000,3.00000000,0.25000000,0.35000000
499,13.00000000,22.00000000,0.60000000,1.00000000,1.00000000,3.00000000,0.35000000,1.00000000
