bin,count,z_pi,z_pi_err,phperp_pi,phperp_pi_err,phperp2_pi,phperp2_pi_err,mx_pi,mx_pi_err,x,x_err,Q2,Q2_err
0,4339,0.0502201,0.0122214,0.145716,0.0392132,0.0227706,0.0104478,4.77648,0.2306,0.136833,0.0169193,3.80565,0.493022
1,1896,0.100526,0.0203122,0.13999,0.0452252,0.0216415,0.0113286,4.63424,0.24884,0.139098,0.0160988,3.76668,0.47971
2,540,0.191272,0.029147,0.137157,0.045192,0.0208505,0.0113663,4.38802,0.246955,0.14082,0.0155526,3.757,0.45612
3,242,0.291477,0.0275831,0.137383,0.0438027,0.0207847,0.0109318,4.08607,0.238839,0.142368,0.0146064,3.72914,0.451786
4,211,0.426141,0.0534513,0.142639,0.0437682,0.0222525,0.011141,3.6578,0.25495,0.144971,0.0126191,3.72472,0.440425
5,35,0.624129,0.0584051,0.138057,0.0455566,0.0210758,0.0108341,2.93766,0.234452,0.149685,0.00853159,3.67969,0.30465
6,7019,0.0562958,0.0108089,0.284769,0.0550401,0.0841222,0.0324585,4.66962,0.225712,0.136164,0.0172835,3.81678,0.504834
7,6030,0.102958,0.0206179,0.307242,0.0565615,0.0975963,0.0344157,4.56734,0.249112,0.138057,0.016679,3.77229,0.481094
8,2151,0.190077,0.0281167,0.312483,0.0559755,0.100778,0.0342614,4.39871,0.237058,0.138541,0.0164094,3.78746,0.485119
9,765,0.291807,0.0281444,0.315953,0.056216,0.102983,0.0345815,4.12692,0.228714,0.13963,0.016359,3.79056,0.492061
10,443,0.42538,0.0555309,0.306714,0.0570926,0.097326,0.0347346,3.73998,0.260588,0.140379,0.0150569,3.8032,0.465262
11,97,0.634238,0.0738896,0.305163,0.0608516,0.0967892,0.0370298,3.00974,0.353418,0.142637,0.0142358,3.82581,0.472535
12,6586,0.0987146,0.0252124,0.482565,0.0556623,0.235967,0.0549307,4.43978,0.238194,0.136917,0.017083,3.81059,0.499452
13,2744,0.192755,0.0281858,0.499706,0.0569343,0.252946,0.0570395,4.31221,0.242816,0.136999,0.0168076,3.76137,0.480364
14,1114,0.291158,0.0275059,0.498681,0.0588295,0.25214,0.0588986,4.0868,0.226733,0.138122,0.0167179,3.78366,0.496321
15,668,0.426127,0.0518806,0.50643,0.0563937,0.259647,0.0567967,3.67522,0.266054,0.139965,0.0163685,3.76449,0.481879
16,128,0.6339,0.0733886,0.503485,0.0551588,0.256516,0.055478,2.98707,0.354523,0.138427,0.0167739,3.74652,0.484125
17,2139,0.117499,0.0196207,0.702324,0.0876546,0.500939,0.132509,4.19419,0.24698,0.136186,0.0173967,3.83335,0.503969
18,2643,0.195635,0.0287426,0.749513,0.107604,0.573344,0.168097,4.10989,0.26012,0.13733,0.0164444,3.79257,0.479333
19,1407,0.294398,0.0283504,0.760244,0.108344,0.5897,0.17014,3.93015,0.240373,0.138372,0.0164341,3.79167,0.486524
20,1028,0.422721,0.0546313,0.77081,0.110278,0.606297,0.174501,3.59415,0.260106,0.138221,0.0164738,3.76468,0.475001
21,215,0.633071,0.0662065,0.769032,0.107824,0.602982,0.168821,2.90434,0.310532,0.138696,0.0174326,3.77435,0.47178
22,441,0.198962,0.0332501,1.13717,0.12709,1.30927,0.316577,3.65663,0.300147,0.134537,0.0182793,3.81639,0.520201
23,462,0.298625,0.0284459,1.21211,0.188591,1.50469,0.511813,3.51891,0.359502,0.136821,0.0178112,3.81009,0.516983
24,452,0.471237,0.0994923,1.23261,0.19819,1.55853,0.5382,3.13455,0.423442,0.138268,0.0161019,3.82439,0.479467
25,2598,0.0538058,0.0114225,0.140783,0.0414388,0.0215363,0.0106287,4.37365,0.269948,0.178587,0.0106273,4.37822,0.436442
26,1735,0.102908,0.0205145,0.131884,0.0491951,0.0198121,0.0117154,4.19594,0.270075,0.180611,0.010902,4.20745,0.478063
27,629,0.194881,0.028974,0.120632,0.0518592,0.0172371,0.012061,4.01472,0.270965,0.180974,0.0109876,4.23432,0.493031
28,349,0.296067,0.0293528,0.116724,0.0487599,0.0159952,0.0112619,3.74683,0.244012,0.182169,0.0108554,4.20403,0.494561
29,327,0.429265,0.0559463,0.128112,0.0479215,0.018702,0.0115031,3.3734,0.25193,0.18163,0.0108699,4.12845,0.480375
30,95,0.631537,0.0673599,0.126118,0.0471923,0.0181095,0.0116339,2.78732,0.313629,0.17984,0.0109428,4.15841,0.453109
31,3541,0.0592261,0.00994166,0.282267,0.05416,0.0826069,0.0317447,4.27401,0.266978,0.177748,0.010624,4.41737,0.424149
32,4767,0.104896,0.0208481,0.303976,0.0555709,0.0954889,0.0337033,4.13973,0.284376,0.179375,0.0109226,4.25456,0.474456
33,1789,0.190963,0.0283477,0.307488,0.055995,0.0976827,0.034086,3.98893,0.271886,0.179409,0.0109645,4.23513,0.493579
34,681,0.294547,0.0283225,0.312531,0.0545031,0.100642,0.0334906,3.74913,0.24108,0.179453,0.0112227,4.21435,0.472854
35,493,0.427608,0.0553693,0.298428,0.0603611,0.0926956,0.0360872,3.38908,0.274006,0.180623,0.0106973,4.19354,0.480787
36,161,0.638274,0.0723214,0.297429,0.0562814,0.0916117,0.0341261,2.72687,0.323911,0.182479,0.0110372,4.19429,0.511485
37,3764,0.104829,0.0239397,0.480173,0.0546418,0.233551,0.0538021,4.02331,0.280731,0.178227,0.010665,4.35157,0.448535
38,1992,0.191991,0.0285887,0.495404,0.0569524,0.248667,0.0567405,3.90111,0.283761,0.17913,0.0109981,4.26701,0.480262
39,866,0.293872,0.0285332,0.500256,0.0563528,0.253428,0.0564494,3.69626,0.243804,0.179574,0.0107875,4.25876,0.470176
40,589,0.423378,0.0526486,0.501522,0.0567893,0.254744,0.0569493,3.346,0.277799,0.180498,0.0113973,4.19832,0.487364
41,128,0.634162,0.0736129,0.508853,0.0503979,0.261452,0.0502492,2.71416,0.340052,0.180624,0.0108857,4.22121,0.534392
42,1028,0.121966,0.0179382,0.694629,0.0850879,0.489742,0.127505,3.80467,0.289499,0.177395,0.0105668,4.44854,0.413981
43,1747,0.196725,0.0278794,0.745363,0.104939,0.566571,0.162504,3.69078,0.30138,0.178962,0.0108826,4.31764,0.464164
44,1097,0.29534,0.0283974,0.759484,0.108129,0.588498,0.169306,3.54616,0.281988,0.179033,0.0108942,4.2811,0.472913
45,766,0.427609,0.0541522,0.766536,0.112574,0.600233,0.177643,3.23379,0.268776,0.179778,0.0107263,4.2518,0.474359
46,187,0.634445,0.0732941,0.769275,0.113833,0.604673,0.18064,2.64172,0.337162,0.178657,0.010877,4.27021,0.451276
47,171,0.203846,0.0318889,1.12255,0.12447,1.27553,0.309686,3.26929,0.350202,0.176617,0.0102768,4.50688,0.371457
48,236,0.301174,0.0280242,1.18215,0.150148,1.41992,0.384121,3.14133,0.330963,0.178939,0.010897,4.3817,0.455912
49,328,0.473762,0.103366,1.20652,0.189394,1.49146,0.529476,2.77654,0.411757,0.179028,0.0111509,4.29203,0.473516
50,1129,0.057854,0.00952975,0.135822,0.0441697,0.020397,0.0109271,3.90732,0.211844,0.215049,0.0101106,4.39685,0.414292
51,1274,0.104367,0.0205132,0.127027,0.0503582,0.0186697,0.0118045,3.78542,0.222335,0.217441,0.010418,4.29326,0.453276
52,532,0.192144,0.0290073,0.12302,0.0506619,0.0176958,0.0119696,3.61257,0.216059,0.217101,0.0102812,4.24789,0.451621
53,287,0.299456,0.0279627,0.126251,0.0468683,0.0181284,0.0113697,3.4075,0.201037,0.216679,0.0101138,4.29003,0.447621
54,272,0.431685,0.0539327,0.132648,0.0498878,0.0200751,0.0121101,3.08051,0.210215,0.217615,0.00977963,4.27181,0.438343
55,75,0.64419,0.0844174,0.127514,0.0495334,0.0186807,0.0118303,2.46667,0.303697,0.219182,0.0106844,4.22952,0.507181
56,1117,0.062607,0.00840627,0.270993,0.0505172,0.0759867,0.0291105,3.81241,0.209067,0.215424,0.00999141,4.48136,0.38501
57,2845,0.106417,0.0210219,0.30104,0.0552643,0.0936779,0.0334245,3.70448,0.228073,0.216444,0.0103041,4.3261,0.441006
58,1228,0.190806,0.0280006,0.304503,0.0564713,0.0959082,0.0343273,3.55579,0.223824,0.217381,0.0103778,4.25794,0.465399
59,514,0.295725,0.0285497,0.308905,0.0563744,0.0985939,0.0342743,3.36895,0.198427,0.216364,0.0103847,4.26862,0.44247
60,478,0.435028,0.0553715,0.295418,0.0580942,0.0906398,0.0350048,3.04713,0.229367,0.217408,0.010586,4.27073,0.452163
61,193,0.637058,0.0698628,0.300271,0.0575224,0.0934546,0.0345362,2.48283,0.273757,0.216649,0.0101851,4.2068,0.460672
62,1617,0.113758,0.0211258,0.475598,0.0533625,0.229039,0.0522401,3.56232,0.229023,0.21548,0.0101122,4.40468,0.421705
63,1196,0.193317,0.0285465,0.496295,0.0560323,0.249446,0.0559695,3.46528,0.228362,0.216486,0.0104722,4.32085,0.464276
64,598,0.294507,0.0293972,0.492986,0.0581663,0.246413,0.0577548,3.29584,0.213552,0.216852,0.0102461,4.28905,0.456301
65,499,0.422074,0.0526197,0.496611,0.0571439,0.249882,0.0570124,3.01357,0.227973,0.217008,0.01052,4.25996,0.467378
66,102,0.648038,0.0925498,0.492288,0.0573214,0.245601,0.0573389,2.39653,0.348607,0.217446,0.0106141,4.24965,0.485925
67,259,0.129485,0.0149294,0.679256,0.0695327,0.466205,0.101539,3.34925,0.244449,0.214199,0.0104771,4.52763,0.393421
68,876,0.199097,0.0284643,0.733315,0.100374,0.547814,0.154072,3.2549,0.248426,0.215403,0.0104915,4.38493,0.419418
69,579,0.297622,0.0288307,0.750032,0.107167,0.574013,0.167391,3.13703,0.21971,0.217209,0.0101983,4.3686,0.430737
70,590,0.431897,0.0535688,0.762288,0.111076,0.5934,0.174538,2.84458,0.241692,0.217302,0.010431,4.25743,0.459944
71,133,0.635795,0.0745882,0.780602,0.111514,0.621681,0.177298,2.30756,0.275029,0.217874,0.0102584,4.25731,0.432104
72,43,0.214484,0.0253884,1.09667,0.0978273,1.21204,0.230849,2.77026,0.31775,0.213029,0.00996974,4.52343,0.32382
73,102,0.302135,0.0282585,1.13747,0.12053,1.30821,0.292333,2.78545,0.278063,0.213149,0.0100206,4.49107,0.392287
74,150,0.47927,0.105393,1.189,0.142828,1.43398,0.357322,2.37335,0.344322,0.215523,0.0108461,4.27865,0.447968
75,571,0.0617059,0.0079258,0.130016,0.0450812,0.018933,0.0109308,3.56418,0.180307,0.252446,0.0108123,4.49231,0.387146
76,945,0.106503,0.0209863,0.126003,0.0501246,0.0183866,0.0117298,3.44305,0.194931,0.254125,0.0108182,4.33037,0.435144
77,466,0.196238,0.02989,0.119502,0.0489067,0.0166674,0.0114132,3.29561,0.189858,0.253982,0.0110805,4.31159,0.441963
78,275,0.296005,0.0274032,0.124585,0.0482709,0.017843,0.0112743,3.10403,0.16569,0.255429,0.0104207,4.33557,0.439654
79,251,0.433655,0.0573371,0.126948,0.046853,0.0183023,0.0113373,2.83364,0.1852,0.254328,0.0112225,4.37875,0.435286
80,82,0.641102,0.0774317,0.127009,0.0526314,0.0188676,0.0121153,2.29129,0.237866,0.253225,0.0102496,4.2631,0.459081
81,441,0.0648849,0.00709207,0.261616,0.0462318,0.0705757,0.0262647,3.45571,0.1754,0.252206,0.0108422,4.53698,0.350698
82,1851,0.108094,0.0210958,0.297939,0.0565783,0.091967,0.0338938,3.35669,0.200636,0.253437,0.0111328,4.38314,0.422717
83,897,0.189271,0.0283147,0.304789,0.0581709,0.0962766,0.0352619,3.24634,0.195928,0.254156,0.0109278,4.33434,0.447251
84,395,0.294181,0.028813,0.30788,0.0581949,0.0981681,0.0352768,3.05605,0.172531,0.254824,0.0110651,4.3046,0.433455
85,445,0.441661,0.0577171,0.292813,0.0576501,0.0890557,0.0345392,2.76041,0.20332,0.254359,0.0109088,4.28814,0.4327
86,190,0.645144,0.0718598,0.296588,0.0535779,0.09082,0.0319186,2.26185,0.232882,0.254683,0.0112172,4.31592,0.44885
87,749,0.118604,0.0196065,0.47236,0.0519818,0.225823,0.0509473,3.2044,0.194032,0.252971,0.0108495,4.48675,0.373631
88,853,0.193366,0.0280128,0.494807,0.0578321,0.248175,0.0577584,3.11546,0.192671,0.254046,0.0110848,4.35696,0.429496
89,414,0.295526,0.0286104,0.495487,0.0583036,0.248898,0.0581401,2.98105,0.190907,0.254558,0.0111808,4.3467,0.449686
90,421,0.431954,0.0573563,0.49737,0.0578317,0.250714,0.05784,2.71078,0.193713,0.25451,0.0107013,4.2973,0.431062
91,114,0.654937,0.0798752,0.490214,0.0554589,0.243359,0.0550676,2.15602,0.25938,0.256044,0.0111912,4.247,0.447726
92,80,0.133457,0.0134093,0.6798,0.0688659,0.466812,0.100194,2.94382,0.204593,0.252613,0.0102606,4.63371,0.315188
93,451,0.199185,0.0277297,0.714493,0.0910567,0.518774,0.137984,2.89977,0.227814,0.252833,0.0109657,4.43577,0.38969
94,360,0.297169,0.0276643,0.75276,0.109194,0.578538,0.171048,2.79564,0.204683,0.254441,0.0106387,4.41123,0.403549
95,427,0.436692,0.0574731,0.751017,0.110418,0.57619,0.1731,2.58028,0.21264,0.253294,0.0110652,4.36232,0.415715
96,136,0.626335,0.0671787,0.755387,0.103616,0.581266,0.162253,2.11205,0.232943,0.254107,0.0111787,4.23859,0.46277
97,9,0.21908,0.0258573,1.03307,0.0350911,1.06833,0.0733767,2.42899,0.255817,0.2531,0.00895844,4.59527,0.382708
98,36,0.308134,0.0256822,1.1001,0.090523,1.21819,0.208953,2.38492,0.215673,0.256108,0.011709,4.55147,0.35963
99,86,0.493319,0.0888791,1.14504,0.10908,1.32288,0.264692,2.09749,0.241991,0.251834,0.0102401,4.34899,0.384865
100,246,0.0650927,0.00708622,0.124467,0.0471421,0.0177053,0.0112076,3.26221,0.149919,0.291709,0.0127799,4.56537,0.334838
101,745,0.107964,0.0215409,0.126447,0.0487362,0.0183608,0.0115888,3.14041,0.171778,0.294832,0.0128081,4.38724,0.420049
102,377,0.192141,0.0283018,0.119402,0.0472344,0.016482,0.0111669,3.00378,0.166885,0.295006,0.0125236,4.32413,0.448197
103,218,0.297184,0.0284443,0.132129,0.0459078,0.0195559,0.0111481,2.82143,0.150579,0.295057,0.0123357,4.30322,0.407754
104,220,0.440985,0.0554813,0.131854,0.0504467,0.0199187,0.0121844,2.57144,0.180465,0.295413,0.0131467,4.38575,0.412307
105,81,0.640265,0.0749474,0.136836,0.0461259,0.0208254,0.0117178,2.11064,0.207052,0.293446,0.0122674,4.28508,0.426766
106,127,0.0686634,0.00467651,0.257831,0.041631,0.0681965,0.0228892,3.15458,0.136866,0.290592,0.0119333,4.60993,0.310523
107,1086,0.110481,0.0206176,0.291214,0.056107,0.0879509,0.0333601,3.04322,0.176917,0.293598,0.0127359,4.41761,0.402008
108,759,0.194314,0.028704,0.301752,0.0571595,0.0943174,0.0345556,2.94157,0.169009,0.294792,0.0127253,4.35973,0.425033
109,349,0.294543,0.0280515,0.304634,0.0598631,0.0963752,0.0363588,2.78629,0.169681,0.295128,0.0126573,4.33498,0.434334
110,393,0.442347,0.0588249,0.292885,0.0562895,0.0889421,0.0337099,2.53236,0.175141,0.295519,0.01323,4.37675,0.405919
111,176,0.641138,0.0681153,0.29957,0.0565196,0.0929183,0.0339154,2.09846,0.192807,0.294444,0.0125919,4.38923,0.437299
112,377,0.123712,0.0167714,0.465664,0.0510865,0.219446,0.0494928,2.87824,0.183213,0.292951,0.0127299,4.52474,0.360294
113,646,0.194292,0.0278401,0.494183,0.0573458,0.2475,0.0571814,2.80336,0.170514,0.295419,0.0127876,4.41618,0.402045
114,383,0.295792,0.0282972,0.494199,0.0568937,0.247461,0.0566231,2.70557,0.166204,0.293955,0.0132634,4.37696,0.408351
115,350,0.422881,0.0540317,0.496268,0.0563577,0.249449,0.0561586,2.49171,0.16369,0.295153,0.0127467,4.37671,0.4131
116,130,0.64236,0.0703441,0.488247,0.0558281,0.241477,0.055533,2.03849,0.203117,0.293823,0.0133962,4.38348,0.446414
117,36,0.134836,0.00982941,0.652003,0.0491807,0.427459,0.0676211,2.62098,0.17729,0.290346,0.0126553,4.63066,0.304195
118,252,0.204648,0.0277637,0.70914,0.086523,0.510336,0.1292,2.53447,0.246483,0.294642,0.0126323,4.44436,0.397028
119,250,0.298941,0.0297396,0.736395,0.103318,0.55291,0.159822,2.50522,0.201826,0.293986,0.0132228,4.44323,0.390812
120,324,0.447803,0.057212,0.740734,0.10074,0.558804,0.155764,2.2958,0.200283,0.294525,0.0119316,4.38781,0.441151
121,125,0.626841,0.0631,0.735848,0.0943424,0.550301,0.144141,1.93912,0.192733,0.294819,0.0124171,4.36754,0.393888
122,4,0.231846,0.0121993,1.08802,0.0283223,1.1844,0.0609689,1.8984,0.283615,0.289427,0.013237,4.5871,0.450815
123,14,0.319002,0.0150635,1.09111,0.0676801,1.19478,0.148532,2.11672,0.191991,0.288899,0.0128259,4.60871,0.258222
124,52,0.480374,0.090425,1.09852,0.0764241,1.21247,0.173026,1.93415,0.231265,0.292058,0.0120854,4.52437,0.323685
125,78,0.068017,0.00466887,0.108445,0.0500735,0.0142355,0.0112309,2.96043,0.124199,0.340507,0.0169293,4.65391,0.265074
126,541,0.109455,0.0214202,0.120338,0.0500555,0.0169822,0.0117541,2.83568,0.151451,0.34295,0.0157196,4.40842,0.397621
127,348,0.194597,0.0296932,0.122511,0.0489883,0.017402,0.0114414,2.72245,0.152341,0.344365,0.0155948,4.39173,0.393541
128,188,0.297178,0.0302606,0.135132,0.0457713,0.0203446,0.0112038,2.58558,0.143381,0.343183,0.0155544,4.42769,0.391247
129,222,0.442042,0.0558886,0.134167,0.0475164,0.0202484,0.0116574,2.32812,0.158015,0.343235,0.0164815,4.37214,0.410755
130,78,0.6354,0.0626105,0.139764,0.046619,0.0216793,0.0121061,1.93537,0.148665,0.345375,0.0136875,4.34724,0.419368
131,30,0.069615,0.00417586,0.249797,0.0402787,0.0639667,0.0218358,2.86245,0.118528,0.33514,0.0158803,4.69595,0.272748
132,675,0.11611,0.0200243,0.291973,0.0560924,0.0883897,0.0334267,2.7302,0.159126,0.342204,0.0155711,4.48263,0.366976
133,653,0.192301,0.0286061,0.302691,0.0569593,0.0948613,0.0344402,2.65524,0.157581,0.342932,0.0157799,4.40578,0.398688
134,304,0.29865,0.0292222,0.305348,0.056692,0.0964408,0.0342082,2.51229,0.138416,0.343709,0.0151668,4.37751,0.419761
135,404,0.441907,0.0561044,0.29587,0.0577632,0.0908674,0.0347328,2.29498,0.150445,0.343968,0.0162644,4.40303,0.387497
136,176,0.630612,0.0600648,0.302759,0.0570085,0.0948947,0.034491,1.93612,0.162451,0.344104,0.0161214,4.4275,0.391634
137,172,0.129078,0.0145784,0.464092,0.0476817,0.217642,0.0462348,2.54324,0.181543,0.340273,0.0148469,4.56077,0.347038
138,437,0.196504,0.0283932,0.487841,0.0550076,0.241008,0.054706,2.51012,0.170972,0.340893,0.0156326,4.44181,0.389564
139,271,0.296777,0.0281091,0.490317,0.0564884,0.24359,0.0561806,2.42988,0.159211,0.341106,0.0157743,4.40881,0.408985
140,356,0.440596,0.0565743,0.4969,0.0556487,0.249998,0.0555479,2.21453,0.158265,0.344513,0.0155329,4.427,0.395337
141,114,0.639561,0.061893,0.478034,0.0572032,0.23176,0.056637,1.86152,0.163412,0.344364,0.0152077,4.47016,0.399192
142,8,0.138324,0.00726034,0.632312,0.0305973,0.400637,0.0395721,2.23487,0.195442,0.33567,0.0153565,4.52713,0.370499
143,127,0.209251,0.0266148,0.702675,0.0924447,0.502231,0.140983,2.23904,0.224635,0.343153,0.0165502,4.61311,0.318542
144,128,0.297243,0.0265186,0.722927,0.0940437,0.531399,0.142521,2.1815,0.189062,0.344628,0.0148793,4.45044,0.409463
145,248,0.441516,0.0576085,0.739105,0.104717,0.557198,0.162917,2.05557,0.167416,0.340886,0.0144651,4.44355,0.363865
146,85,0.606264,0.0395579,0.729434,0.0885236,0.539818,0.13567,1.79471,0.131401,0.344971,0.0149785,4.50823,0.341337
147,0,0,0,0,0,0,0,0,0,0,0,0,0
148,3,0.314151,0.0255501,1.0498,0.0325383,1.10278,0.0682335,1.6297,0.0475123,0.349641,0.0193245,4.54993,0.172691
149,18,0.459801,0.0823147,1.09028,0.0670903,1.19297,0.148751,1.66362,0.118743,0.340901,0.0154587,4.64828,0.211581
150,12,0.0706726,0.00233022,0.0955298,0.0676876,0.0133257,0.0127647,2.7443,0.0614909,0.386099,0.0149443,4.83552,0.190275
151,384,0.113379,0.0196299,0.111022,0.0524453,0.0150692,0.0116977,2.50946,0.148472,0.407468,0.0231216,4.45604,0.388004
152,345,0.194132,0.029815,0.120066,0.0469082,0.0166098,0.0109888,2.40672,0.137459,0.410235,0.02297,4.41785,0.392259
153,174,0.296382,0.0311157,0.123435,0.049132,0.0176363,0.011443,2.2801,0.140527,0.408766,0.0234969,4.39282,0.417004
154,218,0.437062,0.0540298,0.131164,0.0502766,0.01972,0.012047,2.06453,0.130761,0.411347,0.0223127,4.37572,0.390984
155,67,0.619313,0.0542604,0.127522,0.0452508,0.0182788,0.0115785,1.78255,0.123797,0.411435,0.0228515,4.47809,0.32704
156,2,0.0703921,0.00185773,0.256332,0.0133363,0.0657952,0.00683706,2.60885,0.134757,0.384883,0.0166963,4.94055,0.000637935
157,370,0.119072,0.018604,0.283992,0.0528763,0.0834399,0.0310908,2.40256,0.16027,0.402752,0.0213063,4.50882,0.346075
158,503,0.194056,0.0282689,0.296282,0.0577457,0.0911111,0.0346021,2.32721,0.151966,0.407866,0.023756,4.42011,0.380823
159,266,0.297709,0.0295875,0.297307,0.0576882,0.0917071,0.0346061,2.23052,0.132866,0.407912,0.0226049,4.4348,0.404015
160,364,0.446225,0.0549415,0.294697,0.0576261,0.0901582,0.0346445,2.02943,0.134799,0.408101,0.0228437,4.42113,0.393675
161,154,0.623282,0.0523501,0.305115,0.0542711,0.0960217,0.0330055,1.75176,0.11942,0.403124,0.0216892,4.41829,0.396731
162,57,0.136686,0.0101851,0.469159,0.043744,0.22199,0.0418944,2.195,0.174507,0.397089,0.0206798,4.59768,0.305594
163,262,0.201054,0.0281187,0.481863,0.0525152,0.234939,0.0515259,2.16078,0.171104,0.405928,0.0231994,4.49141,0.375642
164,205,0.29697,0.0295816,0.48757,0.056211,0.240869,0.0556499,2.09313,0.144597,0.408762,0.0235373,4.41733,0.371876
165,248,0.443575,0.0555552,0.491646,0.0550785,0.244737,0.0547405,1.95159,0.134818,0.407221,0.021889,4.47393,0.367608
166,98,0.617519,0.0477768,0.482968,0.0553998,0.236296,0.0547189,1.71061,0.1211,0.399812,0.0213924,4.46201,0.398428
167,1,0.144921,0,0.614875,0,0.378072,0,1.64206,0,0.442907,0,4.93361,0
168,51,0.211718,0.0241763,0.691861,0.0703255,0.483521,0.102375,1.87591,0.155657,0.398511,0.021454,4.56505,0.341353
169,86,0.302416,0.0287008,0.696777,0.0750303,0.491062,0.110594,1.91856,0.1685,0.403476,0.0218778,4.57342,0.356123
170,155,0.437482,0.0584686,0.700897,0.0848426,0.498409,0.125197,1.7997,0.148812,0.40682,0.0227856,4.52637,0.365664
171,31,0.596674,0.0335537,0.71026,0.0717369,0.509449,0.104113,1.65004,0.11728,0.394683,0.0164945,4.61901,0.395311
172,0,0,0,0,0,0,0,0,0,0,0,0,0
173,0,0,0,0,0,0,0,0,0,0,0,0,0
174,2,0.433179,0.0289238,1.01371,0.0147238,1.02771,0.0298513,1.59964,0.111525,0.392244,0.0140874,4.96834,0.0425973
175,0,0,0,0,0,0,0,0,0,0,0,0,0
176,141,0.120543,0.016838,0.104606,0.053221,0.0137547,0.0115958,2.16588,0.140568,0.491459,0.0356738,4.5234,0.353384
177,193,0.195318,0.0294978,0.116164,0.0457766,0.0155788,0.0106692,2.05993,0.131797,0.501564,0.034793,4.47458,0.377231
178,126,0.295659,0.0282836,0.114868,0.049769,0.0156519,0.0114076,1.96179,0.133584,0.50249,0.0370408,4.49036,0.381708
179,102,0.432623,0.0593909,0.127,0.050206,0.0186248,0.0118658,1.79477,0.119352,0.50066,0.0347816,4.43383,0.383709
180,25,0.606028,0.0486526,0.127767,0.0444961,0.018225,0.0104417,1.61925,0.08052,0.488293,0.0281873,4.64024,0.283149
181,0,0,0,0,0,0,0,0,0,0,0,0,0
182,87,0.122908,0.0168523,0.280119,0.058601,0.0818615,0.0342248,2.02087,0.152536,0.490749,0.0296435,4.61351,0.320159
183,227,0.196657,0.0270717,0.285955,0.0544939,0.0847267,0.0323554,1.97282,0.139093,0.496325,0.0340269,4.45734,0.378764
184,161,0.293196,0.0304317,0.307189,0.0626367,0.0982643,0.0379214,1.87566,0.140045,0.503734,0.0377511,4.49076,0.37386
185,178,0.443549,0.0580541,0.289652,0.0586685,0.0873209,0.0348279,1.74495,0.114584,0.499172,0.0299871,4.49126,0.340216
186,53,0.602064,0.0393565,0.282444,0.050731,0.0822995,0.0293226,1.59577,0.0682345,0.48468,0.0242657,4.61761,0.301664
187,15,0.138839,0.00777362,0.437351,0.0272728,0.19197,0.0246242,1.84244,0.164311,0.483717,0.0254533,4.77894,0.143012
188,71,0.203943,0.0247843,0.453262,0.0485408,0.207769,0.0471874,1.80164,0.152385,0.495524,0.0355941,4.56972,0.336095
189,85,0.298227,0.0286637,0.479387,0.0554053,0.232846,0.0547204,1.78664,0.11174,0.486758,0.027785,4.4736,0.364692
190,92,0.424898,0.0540592,0.483821,0.0570901,0.237307,0.0564563,1.69663,0.114066,0.491486,0.0276656,4.61111,0.327433
191,16,0.595948,0.029816,0.482422,0.0562778,0.235701,0.0550636,1.57209,0.053714,0.468853,0.015049,4.69236,0.225769
192,0,0,0,0,0,0,0,0,0,0,0,0,0
193,4,0.218172,0.0212866,0.667194,0.00668399,0.445181,0.00894804,1.64807,0.101418,0.465243,0.0158003,4.88317,0.0848518
194,10,0.307008,0.0356526,0.627051,0.0287901,0.393939,0.0368476,1.64742,0.111727,0.475163,0.0148925,4.48977,0.475978
195,16,0.427244,0.0588164,0.64886,0.0470969,0.423099,0.0634288,1.6269,0.0517344,0.475465,0.018217,4.75012,0.209047
196,2,0.567726,0.00838937,0.616526,0.0142956,0.380207,0.0176272,1.51588,0.0203093,0.461568,0.0101743,4.49775,0.311742
197,0,0,0,0,0,0,0,0,0,0,0,0,0
198,0,0,0,0,0,0,0,0,0,0,0,0,0
199,0,0,0,0,0,0,0,0,0,0,0,0,0
200,6971,0.0514012,0.0120647,0.140324,0.0420237,0.0214565,0.0107215,4.43627,0.29154,0.227242,0.0285272,6.07015,0.781564
201,3668,0.103063,0.0206757,0.132908,0.0485058,0.0200168,0.0116757,4.28135,0.305367,0.231713,0.0275954,5.9705,0.742105
202,1525,0.193491,0.0289952,0.123788,0.0506517,0.0178875,0.011917,4.06515,0.293205,0.234446,0.0270928,5.98742,0.753774
203,803,0.295036,0.0289016,0.124504,0.0481383,0.0178157,0.011461,3.80396,0.268151,0.236604,0.0262248,6.00925,0.758734
204,703,0.432816,0.0562966,0.126625,0.0486802,0.0184004,0.0115573,3.42022,0.273306,0.235448,0.0254203,5.91255,0.696072
205,172,0.638236,0.0726695,0.124517,0.0477342,0.0177698,0.0114267,2.74253,0.30872,0.239612,0.0225735,5.89699,0.726785
206,10179,0.0568889,0.0107132,0.284413,0.0547934,0.0838928,0.0322564,4.34278,0.281451,0.224346,0.0289943,6.09198,0.792226
207,10461,0.10345,0.0206143,0.305351,0.0565744,0.0964393,0.0343375,4.22755,0.304288,0.229148,0.0283374,6.00107,0.766038
208,3950,0.191259,0.0281209,0.306772,0.0570137,0.0973587,0.0346803,4.0627,0.2935,0.230557,0.0278468,5.99378,0.754203
209,1581,0.293755,0.0283273,0.312303,0.0576691,0.100857,0.0352649,3.81878,0.274458,0.230846,0.0276032,5.97288,0.739652
210,1208,0.430146,0.0564294,0.303499,0.0574423,0.0954088,0.034767,3.43157,0.284929,0.234646,0.0273385,6.00043,0.789801
211,410,0.651057,0.0815068,0.303797,0.0576355,0.0956063,0.0347168,2.69321,0.365034,0.236538,0.0250442,5.88518,0.698933
212,10113,0.100337,0.0248769,0.481611,0.0555189,0.235032,0.0547296,4.09984,0.295214,0.225964,0.0285918,6.0583,0.777473
213,4647,0.192286,0.0281227,0.497072,0.0574349,0.250379,0.0574436,3.98373,0.293348,0.228582,0.0281257,6.01005,0.757623
214,2036,0.293763,0.028443,0.497982,0.0585684,0.251414,0.058436,3.75154,0.285642,0.230688,0.0281763,5.97308,0.744277
215,1382,0.424346,0.0541039,0.501539,0.0576874,0.254867,0.0578334,3.41864,0.281829,0.230793,0.0278114,5.96518,0.752954
216,364,0.647654,0.0808156,0.49854,0.0568098,0.25176,0.0568283,2.70335,0.37133,0.233975,0.0262932,6.00684,0.757254
217,3039,0.119069,0.0193685,0.701126,0.084915,0.498786,0.127567,3.86332,0.304715,0.223495,0.0291757,6.11403,0.798502
218,4044,0.196415,0.0289335,0.746562,0.104963,0.568369,0.16359,3.77932,0.313621,0.22711,0.0283956,6.04312,0.780467
219,2523,0.294208,0.0282278,0.762354,0.111173,0.593538,0.174504,3.61952,0.291201,0.228868,0.0284312,6.02241,0.764133
220,1883,0.426545,0.0543965,0.769618,0.111947,0.604838,0.176637,3.28925,0.292879,0.230443,0.0277285,5.96819,0.736777
221,462,0.636845,0.0710751,0.781076,0.112841,0.622786,0.17948,2.64728,0.3373,0.230489,0.0263751,5.9565,0.743098
222,604,0.201889,0.0317119,1.13074,0.122839,1.29363,0.302996,3.33086,0.342689,0.22175,0.0292552,6.14992,0.806157
223,655,0.298942,0.028538,1.19178,0.168715,1.44877,0.444135,3.2269,0.371775,0.226307,0.0280093,6.13847,0.796601
224,801,0.471325,0.103763,1.21085,0.177568,1.49766,0.470713,2.83921,0.428791,0.227192,0.0284363,5.9538,0.748708
225,2777,0.0547623,0.0115247,0.137508,0.0435194,0.0208017,0.0109168,4.00066,0.316431,0.295017,0.0127351,7.0767,1.06865
226,2219,0.104161,0.0209576,0.128582,0.0498366,0.0190159,0.0118016,3.8317,0.320134,0.29589,0.0126027,6.68663,1.08268
227,958,0.194786,0.0289424,0.121119,0.0490572,0.0170738,0.0115685,3.65813,0.291415,0.295845,0.0124991,6.65452,1.0489
228,647,0.297614,0.0282684,0.126194,0.0477399,0.0182006,0.0114089,3.42033,0.276095,0.295642,0.0123798,6.57637,1.05852
229,520,0.432866,0.0545004,0.126517,0.0475043,0.0182589,0.0114277,3.09838,0.271209,0.2965,0.0124603,6.60436,1.07216
230,175,0.649163,0.0783371,0.128056,0.0514032,0.0190255,0.0123603,2.48164,0.314165,0.296638,0.0130487,6.57725,1.13312
231,3367,0.0589913,0.0102017,0.28086,0.0545891,0.0818616,0.0319414,3.94565,0.302607,0.293557,0.0123723,7.33761,1.02028
232,5143,0.104658,0.0207928,0.302661,0.0567452,0.094823,0.0342305,3.76676,0.320879,0.295071,0.0124978,6.80332,1.06673
233,2150,0.192031,0.0285988,0.305939,0.056163,0.0967517,0.034092,3.63629,0.306262,0.295397,0.0126356,6.76757,1.09157
234,904,0.294735,0.0282379,0.306134,0.0566462,0.0969233,0.0343812,3.4251,0.287176,0.295345,0.0124403,6.72894,1.09741
235,917,0.432669,0.0561933,0.29658,0.0578768,0.0913057,0.0346863,3.06076,0.286063,0.296091,0.0128314,6.54184,1.06126
236,328,0.645108,0.075592,0.30598,0.0580624,0.0969845,0.0353102,2.4442,0.301664,0.296842,0.0124078,6.42149,1.03518
237,3781,0.105756,0.0242814,0.47961,0.055032,0.233054,0.0541364,3.66626,0.329559,0.294326,0.0125166,7.13046,1.06948
238,2183,0.193838,0.029073,0.494069,0.0570625,0.247358,0.0568106,3.53858,0.313234,0.294891,0.0122704,6.83145,1.0808
239,1124,0.29513,0.0284453,0.496989,0.0577088,0.250325,0.0576792,3.33514,0.29618,0.29594,0.012644,6.70842,1.07478
240,783,0.427883,0.0542004,0.499741,0.0577522,0.253073,0.057893,3.03077,0.288787,0.295559,0.0127553,6.63187,1.08901
241,266,0.651732,0.0808945,0.492902,0.0560278,0.24608,0.0556417,2.37704,0.334235,0.2979,0.0131534,6.47037,1.06025
242,986,0.122045,0.0185987,0.692925,0.0797869,0.486504,0.118757,3.43552,0.33297,0.293878,0.0125063,7.37211,0.99636
243,1746,0.198164,0.0288443,0.737809,0.102093,0.554779,0.158471,3.34154,0.339672,0.294736,0.0124429,7.02271,1.082
244,1172,0.295783,0.0281227,0.759269,0.110688,0.58873,0.173994,3.20436,0.307421,0.295388,0.0122673,6.91456,1.07323
245,1047,0.432885,0.0556232,0.769717,0.10895,0.604323,0.171783,2.89219,0.304657,0.296103,0.0127835,6.73104,1.08696
246,265,0.633847,0.0724563,0.772514,0.109475,0.608717,0.172297,2.34727,0.314022,0.295945,0.011859,6.64908,1.11437
247,172,0.208007,0.0295739,1.11926,0.11317,1.26547,0.272997,2.93185,0.364333,0.292968,0.0122856,7.60793,0.925012
248,232,0.303546,0.0269264,1.16124,0.138058,1.36745,0.343293,2.83529,0.357094,0.293528,0.0119356,7.20477,0.98944
249,356,0.469734,0.100723,1.19998,0.174825,1.47042,0.455968,2.45482,0.432945,0.295214,0.0126588,6.89067,1.0704
250,1847,0.0572294,0.0106221,0.129502,0.0466139,0.0189425,0.0112578,3.65812,0.28748,0.341811,0.0157316,7.30673,1.0511
251,2210,0.105166,0.0208014,0.125609,0.0507692,0.0183541,0.0118493,3.4652,0.295155,0.344302,0.0159155,6.78394,1.10988
252,1039,0.192743,0.0283548,0.12366,0.0484409,0.0176361,0.011353,3.32007,0.268968,0.345299,0.0157399,6.78915,1.07213
253,566,0.295895,0.0285223,0.128516,0.0476481,0.0187826,0.0113902,3.12554,0.264525,0.34442,0.0159891,6.77216,1.11773
254,574,0.431328,0.0573893,0.130804,0.0487155,0.0194788,0.0118965,2.82769,0.268653,0.344785,0.0159029,6.73678,1.12362
255,189,0.636119,0.0702456,0.130618,0.0466879,0.0192292,0.0114626,2.30561,0.261618,0.344609,0.0156044,6.65871,1.11117
256,1760,0.0611915,0.00928978,0.274524,0.0519969,0.0780654,0.0301005,3.58188,0.28887,0.341023,0.0153983,7.57085,1.00165
257,4303,0.107054,0.0205897,0.299653,0.0568141,0.0930188,0.0342245,3.40385,0.309618,0.342915,0.0158449,6.95732,1.11666
258,1949,0.19189,0.0286126,0.305558,0.0562893,0.0965323,0.0341957,3.26232,0.291193,0.344367,0.0159824,6.79779,1.13224
259,997,0.295818,0.0291314,0.301361,0.0578034,0.0941563,0.0350328,3.09134,0.269102,0.344133,0.0155813,6.80425,1.11521
260,1092,0.436606,0.0571867,0.302434,0.0574481,0.0947634,0.0347944,2.77311,0.264415,0.344653,0.015728,6.67751,1.09506
261,428,0.641722,0.0718273,0.301072,0.0569302,0.0938779,0.0344198,2.25815,0.275204,0.345195,0.0162556,6.63392,1.09204
262,2488,0.111054,0.0228009,0.475649,0.0533409,0.229086,0.0522813,3.28375,0.310147,0.341736,0.0153155,7.27584,1.0864
263,1951,0.193736,0.0288635,0.493268,0.0566072,0.246516,0.0564187,3.17408,0.301378,0.342971,0.0157124,6.94541,1.13244
264,1046,0.296812,0.0286159,0.49666,0.0559812,0.249802,0.0558394,3.01871,0.275369,0.344312,0.0162668,6.90441,1.14169
265,928,0.433398,0.0572063,0.49897,0.0570163,0.252218,0.0570023,2.71333,0.272165,0.344804,0.0157523,6.70433,1.13234
266,369,0.654396,0.0754126,0.494132,0.0573447,0.247445,0.0570942,2.1596,0.276935,0.345473,0.0158521,6.60375,1.07616
267,442,0.125588,0.0164345,0.680086,0.0717223,0.467649,0.104349,3.08875,0.300323,0.341518,0.0155206,7.71417,0.913099
268,1258,0.198605,0.0281457,0.731458,0.098206,0.544667,0.150369,2.98119,0.334938,0.342229,0.0157703,7.24847,1.11224
269,978,0.297413,0.0287725,0.74675,0.107398,0.569158,0.167611,2.85236,0.300369,0.342861,0.0155922,6.99487,1.0978
270,1064,0.435156,0.0553351,0.754924,0.107291,0.581411,0.168198,2.57952,0.290276,0.344352,0.0158977,6.79397,1.10579
271,341,0.634967,0.0693304,0.762315,0.111949,0.59362,0.176287,2.09959,0.262479,0.343781,0.0171348,6.68244,1.0783
272,51,0.218032,0.0269143,1.08883,0.067857,1.19007,0.151135,2.56408,0.349641,0.340819,0.0164379,7.82484,1.00659
273,123,0.306262,0.0264135,1.14857,0.120156,1.33354,0.290844,2.45942,0.344129,0.338484,0.0155143,7.36464,1.03799
274,243,0.483232,0.0956771,1.1298,0.112226,1.289,0.269007,2.20206,0.345987,0.341971,0.0156386,7.07476,1.14268
275,1147,0.0612992,0.00897284,0.12355,0.04665,0.017439,0.0110712,3.24394,0.251606,0.405249,0.0224419,7.48223,1.00507
276,2253,0.107173,0.0209143,0.122913,0.050196,0.017626,0.011784,3.06267,0.269991,0.409943,0.0234982,6.93151,1.12387
277,1185,0.192871,0.0286707,0.123981,0.048523,0.0177238,0.0115286,2.93124,0.269507,0.410636,0.0233389,6.86329,1.14579
278,641,0.295567,0.0298281,0.128688,0.0482951,0.0188893,0.0114546,2.75612,0.247327,0.410413,0.0233032,6.81789,1.13887
279,635,0.43448,0.0568076,0.129121,0.0471116,0.0188883,0.0114795,2.4906,0.237612,0.412994,0.0240888,6.82381,1.1132
280,255,0.636613,0.0635291,0.13599,0.0454349,0.0205494,0.0113469,2.05638,0.234521,0.411508,0.0253492,6.76513,1.13863
281,809,0.0641436,0.0077399,0.270314,0.0513701,0.0757053,0.0295224,3.16545,0.238792,0.403014,0.0216858,7.78763,0.849638
282,3224,0.109082,0.0208259,0.293891,0.0557058,0.0894742,0.0331802,2.99696,0.284042,0.407606,0.0230731,7.1376,1.1185
283,1924,0.192661,0.0285626,0.302553,0.0565969,0.0947398,0.0342289,2.87476,0.278544,0.407895,0.0228249,6.87799,1.1441
284,1017,0.295593,0.0290887,0.30144,0.0598676,0.0944465,0.0361287,2.72428,0.253055,0.41069,0.0229991,6.92581,1.16015
285,1318,0.438952,0.0579136,0.300084,0.0570128,0.0932987,0.0345302,2.43303,0.236799,0.411434,0.0233546,6.71083,1.12008
286,497,0.641784,0.0678967,0.306294,0.0555661,0.0968976,0.033904,2.01028,0.228969,0.410284,0.0238961,6.72973,1.08606
287,1373,0.117318,0.0203171,0.473045,0.0520057,0.226474,0.0508535,2.83608,0.294189,0.405757,0.0226648,7.40379,1.07429
288,1559,0.193797,0.0294334,0.48967,0.0569853,0.243022,0.0565015,2.74953,0.296743,0.408607,0.023574,7.03398,1.12922
289,956,0.295572,0.0284248,0.496174,0.0565146,0.249379,0.0564943,2.64873,0.26087,0.409202,0.0231339,7.03562,1.1321
290,1104,0.435606,0.0577186,0.494927,0.0575153,0.248258,0.0574485,2.38484,0.247845,0.410795,0.0236094,6.83931,1.13353
291,435,0.640603,0.066697,0.49407,0.0575089,0.247405,0.0572226,1.95054,0.225782,0.409441,0.0227705,6.71659,1.10248
292,183,0.131391,0.0136876,0.662617,0.0634504,0.443065,0.0925298,2.59324,0.323402,0.404644,0.0228235,7.72344,0.893571
293,786,0.201012,0.0275903,0.711229,0.0884769,0.513665,0.134102,2.54516,0.32374,0.405572,0.0221838,7.33797,1.0809
294,718,0.299457,0.028684,0.740031,0.103966,0.55844,0.160358,2.46105,0.285699,0.406928,0.0227293,7.15716,1.07879
295,989,0.434703,0.0566842,0.747433,0.104359,0.569536,0.162366,2.25176,0.264886,0.409571,0.0235514,7.01908,1.10636
296,319,0.628113,0.0602677,0.740798,0.105359,0.559847,0.163674,1.86838,0.210925,0.40909,0.0229896,6.89401,1.07516
297,17,0.217493,0.0201304,1.06892,0.060038,1.14599,0.133552,2.07587,0.253831,0.399531,0.019524,8.02659,0.918317
298,59,0.306598,0.0265773,1.09657,0.0914196,1.21069,0.215487,2.15701,0.266743,0.398414,0.020983,7.77378,0.809441
299,156,0.493412,0.0941171,1.11045,0.094525,1.24198,0.220641,1.91484,0.247254,0.404439,0.0211872,7.63569,0.884991
300,359,0.0646647,0.00717999,0.10875,0.0503426,0.014354,0.0113094,2.77855,0.212718,0.498672,0.0357742,7.86811,0.827814
301,1530,0.109528,0.0211598,0.118498,0.0504562,0.0165858,0.0116435,2.55426,0.254563,0.510517,0.039636,7.04722,1.1007
302,1007,0.193807,0.0287112,0.123611,0.0464582,0.0174358,0.0110895,2.42087,0.248938,0.513696,0.0407121,6.82269,1.08934
303,539,0.29557,0.0273872,0.130086,0.0493633,0.0193545,0.0117362,2.28802,0.236395,0.514561,0.040613,6.83453,1.15424
304,642,0.439495,0.0571429,0.134498,0.0467899,0.0202757,0.0115965,2.08188,0.219546,0.515162,0.0420136,6.89001,1.11683
305,203,0.619052,0.0497669,0.126848,0.0480896,0.0183917,0.0112813,1.7789,0.164819,0.515784,0.0411052,6.94913,1.12288
306,171,0.0668252,0.00565363,0.263977,0.0475196,0.0719288,0.0267388,2.62844,0.235108,0.494804,0.0367014,7.979,0.770538
307,1637,0.115179,0.0209702,0.285903,0.0564532,0.0849254,0.0333419,2.4693,0.267399,0.505102,0.0381169,7.23467,1.07432
308,1576,0.193538,0.0284616,0.298857,0.0577818,0.0926523,0.034636,2.35621,0.260648,0.511177,0.0400747,6.92692,1.11538
309,910,0.297755,0.0293696,0.29688,0.0586974,0.0915796,0.0351863,2.25236,0.238795,0.513,0.0402231,6.96877,1.12446
310,1190,0.442024,0.056825,0.29777,0.0568245,0.0918931,0.0341244,2.04002,0.219455,0.513071,0.0402403,6.87598,1.12245
311,421,0.624083,0.0540469,0.30373,0.0573079,0.0955285,0.0345284,1.74321,0.163997,0.51265,0.0392572,6.98385,1.07456
312,468,0.123159,0.018904,0.463852,0.0500164,0.217655,0.0486417,2.31247,0.266164,0.49712,0.0353078,7.57332,0.970186
313,1026,0.198565,0.0296406,0.484066,0.055148,0.237358,0.0545587,2.22162,0.278024,0.506067,0.0378708,7.10561,1.1094
314,659,0.297824,0.0292163,0.490403,0.0566801,0.243703,0.0565477,2.15529,0.250803,0.509523,0.0393562,7.07547,1.07834
315,888,0.444004,0.0568295,0.493031,0.0582037,0.246463,0.0579064,1.97306,0.222761,0.511546,0.0398495,7.07834,1.10109
316,293,0.616212,0.0464193,0.487602,0.0571282,0.241008,0.056223,1.74055,0.160866,0.502521,0.0369555,7.18423,1.0347
317,33,0.136748,0.0117328,0.662271,0.060495,0.442151,0.0912492,2.0407,0.261914,0.489336,0.0328067,8.02995,0.630221
318,290,0.203788,0.0285623,0.682823,0.0736431,0.471652,0.108239,2.0633,0.27358,0.495544,0.0338532,7.61849,0.988845
319,353,0.302621,0.0298091,0.703779,0.0878674,0.503003,0.132301,2.0019,0.23877,0.50261,0.0362895,7.37057,1.05065
320,520,0.436914,0.0543239,0.732906,0.0964714,0.546441,0.147948,1.89164,0.220427,0.497471,0.0345657,7.38493,1.03159
321,151,0.612328,0.04756,0.709731,0.0880129,0.511414,0.133558,1.69413,0.143352,0.49392,0.0302793,7.674,0.969999
322,2,0.219503,0.0215618,1.04906,0.0398332,1.10132,0.0835748,1.59833,0.0914351,0.471003,0.00884738,8.48301,0.559379
323,9,0.322196,0.0317692,1.06096,0.0517318,1.12801,0.111588,1.69573,0.148143,0.482719,0.0224156,8.19653,0.326344
324,20,0.459304,0.0832464,1.06291,0.0611878,1.13333,0.132806,1.68946,0.162069,0.477642,0.0216738,8.16375,0.688816
325,24,0.0678087,0.00418778,0.0805192,0.0550316,0.00938563,0.0104753,2.21957,0.147236,0.631863,0.0353191,8.32191,0.51983
326,267,0.112126,0.0206766,0.107327,0.0520675,0.01422,0.0114492,2.06502,0.159855,0.640366,0.0306634,7.54383,1.03204
327,211,0.192517,0.0288989,0.123874,0.0484024,0.0176765,0.011425,1.97866,0.136803,0.638276,0.0294247,7.23792,0.978472
328,95,0.295058,0.0272244,0.129981,0.0480829,0.0191826,0.0117751,1.86674,0.117408,0.643815,0.0312861,7.30591,1.03063
329,105,0.426375,0.0520212,0.125522,0.0475868,0.0179987,0.0115559,1.76692,0.117757,0.634851,0.0284083,7.50245,0.94444
330,20,0.608303,0.0392735,0.123683,0.043137,0.0170652,0.0101015,1.58946,0.0722903,0.628474,0.019331,8.18054,0.523112
331,5,0.07289,0.00193973,0.266605,0.0368648,0.0721653,0.0208236,1.94831,0.194946,0.619877,0.0094211,7.89292,0.788883
332,197,0.118517,0.0203694,0.284621,0.0561748,0.0841486,0.0331728,1.92923,0.162391,0.633616,0.0269019,7.65242,0.904811
333,240,0.195937,0.0280093,0.289499,0.0545294,0.0867708,0.0321314,1.88132,0.153507,0.639991,0.0295093,7.38529,1.03475
334,135,0.29677,0.0284706,0.291,0.0596521,0.0882131,0.0352706,1.80967,0.124412,0.638149,0.0267254,7.26203,0.992163
335,187,0.435209,0.0536714,0.298606,0.0544942,0.0921192,0.0329022,1.6932,0.123361,0.635858,0.0285441,7.46688,1.02283
336,30,0.60625,0.0346972,0.300879,0.0580724,0.0937882,0.0348362,1.56999,0.0537897,0.615534,0.0145635,7.99314,0.621167
337,16,0.12887,0.0148326,0.465006,0.0380253,0.217586,0.0353586,1.65691,0.0878459,0.63324,0.0279508,8.11874,0.655086
338,83,0.206347,0.0257784,0.463276,0.0462033,0.216733,0.0441116,1.74958,0.148941,0.629878,0.0266773,7.64356,0.981076
339,69,0.295554,0.0277962,0.478963,0.0513146,0.232001,0.0500146,1.74706,0.130765,0.632661,0.0219762,7.84531,0.890477
340,99,0.434482,0.054797,0.479243,0.0520206,0.232353,0.0510778,1.64606,0.0920144,0.629662,0.0245868,7.86122,0.796291
341,8,0.570164,0.0161531,0.502786,0.0532737,0.255277,0.0531747,1.57245,0.0666935,0.615997,0.0163766,8.48487,0.455952
342,0,0,0,0,0,0,0,0,0,0,0,0,0
343,6,0.197452,0.024079,0.621738,0.0149709,0.386744,0.0187697,1.62509,0.104327,0.618437,0.00859409,8.46103,0.393392
344,12,0.29944,0.0280223,0.67672,0.0467089,0.45995,0.0638283,1.61755,0.0931767,0.618416,0.0151751,8.32103,0.433578
345,27,0.449849,0.0607901,0.646698,0.0366468,0.419511,0.0493782,1.58263,0.0574722,0.616143,0.0162836,8.31206,0.529293
346,1,0.551179,0,0.646765,0,0.418305,0,1.54451,0,0.608948,0,8.70974,0
347,0,0,0,0,0,0,0,0,0,0,0,0,0
348,0,0,0,0,0,0,0,0,0,0,0,0,0
349,0,0,0,0,0,0,0,0,0,0,0,0,0
350,1110,0.0491774,0.0122146,0.139355,0.04361,0.0213199,0.011012,4.22303,0.157668,0.342292,0.0197001,9.77113,0.578969
351,513,0.103133,0.0208,0.128721,0.0503917,0.0191034,0.0117569,4.1322,0.169828,0.345068,0.0193362,9.73008,0.547634
352,240,0.19367,0.0299782,0.119188,0.051814,0.0168792,0.011623,3.9505,0.163015,0.345709,0.0187466,9.77153,0.575242
353,138,0.293252,0.0281963,0.129507,0.0502731,0.019281,0.0117913,3.71634,0.162512,0.344619,0.0200336,9.71896,0.555309
354,127,0.424474,0.0572904,0.127536,0.0470711,0.0184636,0.0113972,3.38751,0.200918,0.34463,0.0207948,9.79903,0.576229
355,27,0.655111,0.084114,0.134136,0.0460699,0.0200362,0.0116139,2.66249,0.346454,0.346242,0.0180974,9.81074,0.52859
356,1597,0.0554963,0.0110839,0.287304,0.0557561,0.0856502,0.0329425,4.08301,0.180416,0.34113,0.0206247,9.77498,0.572019
357,1381,0.103047,0.0209055,0.305933,0.0575769,0.0969079,0.0348958,4.05889,0.170762,0.342624,0.0203184,9.75275,0.570281
358,537,0.194522,0.0291528,0.309026,0.0544871,0.0984606,0.0332068,3.92077,0.166704,0.341168,0.0199916,9.713,0.528722
359,236,0.293541,0.0296115,0.304464,0.0594387,0.0962162,0.0363648,3.69155,0.156013,0.344601,0.0198063,9.79081,0.580792
360,183,0.435631,0.0550445,0.301594,0.0583463,0.0943447,0.0353033,3.31325,0.200051,0.344336,0.0185889,9.67965,0.563268
361,55,0.636665,0.0640701,0.298862,0.0607851,0.0929462,0.036567,2.70757,0.233357,0.344442,0.0187984,9.73365,0.545101
362,1508,0.0986623,0.0255498,0.485575,0.0552707,0.238836,0.0547041,3.8666,0.181963,0.341006,0.0202047,9.75842,0.550885
363,646,0.19409,0.0282271,0.497126,0.0579065,0.250482,0.0576704,3.81531,0.164445,0.341911,0.0202583,9.74839,0.551786
364,300,0.295019,0.0290056,0.5007,0.0543399,0.253644,0.0546233,3.60386,0.156935,0.345366,0.0195709,9.7794,0.575443
365,202,0.429029,0.0579746,0.503588,0.0549983,0.256611,0.0553947,3.28065,0.199622,0.346125,0.0190438,9.82045,0.605641
366,57,0.626219,0.0574369,0.495057,0.0601535,0.248637,0.0597904,2.70071,0.22004,0.344159,0.0201955,9.72808,0.564483
367,442,0.117155,0.0195032,0.704864,0.0889816,0.504732,0.134869,3.57308,0.222592,0.339626,0.0204511,9.75087,0.546507
368,642,0.194015,0.0284204,0.745221,0.102948,0.565936,0.159498,3.58744,0.209723,0.34149,0.020712,9.77538,0.585967
369,393,0.295593,0.0291545,0.771573,0.112148,0.60787,0.177305,3.45004,0.189991,0.341646,0.020287,9.7497,0.552585
370,272,0.424989,0.052932,0.757826,0.104964,0.585276,0.16394,3.17576,0.202536,0.342686,0.0203405,9.71017,0.565835
371,62,0.639882,0.0794172,0.777023,0.11751,0.61735,0.18578,2.52703,0.318365,0.343288,0.0205655,9.69126,0.518971
372,80,0.206759,0.0330584,1.1291,0.125342,1.29038,0.311559,2.9752,0.327141,0.34263,0.018866,9.77765,0.575427
373,97,0.296104,0.0287057,1.17051,0.151099,1.39268,0.391562,3.01848,0.28886,0.341542,0.020847,9.79886,0.616152
374,91,0.466762,0.105428,1.19908,0.166436,1.46519,0.431484,2.70879,0.352134,0.342828,0.0217157,9.79075,0.576628
375,1374,0.0519486,0.0116441,0.13346,0.0447546,0.019813,0.0110597,3.81022,0.225271,0.411422,0.0229865,10.6684,1.04009
376,911,0.105084,0.0213593,0.129562,0.0511193,0.0193965,0.0122944,3.71889,0.214342,0.413171,0.0229807,10.5014,1.01062
377,462,0.193509,0.0285339,0.120948,0.0528149,0.0174117,0.0122269,3.57079,0.222041,0.412442,0.0229518,10.5099,0.994104
378,269,0.298683,0.0286616,0.124002,0.0455368,0.0174425,0.0107287,3.34647,0.203306,0.412468,0.0230627,10.4849,1.02198
379,255,0.431241,0.0528163,0.131498,0.0491517,0.0196982,0.0119735,3.03105,0.224234,0.413879,0.023434,10.4997,1.0307
380,93,0.650406,0.0784023,0.131649,0.0494207,0.0197477,0.0120683,2.39996,0.288149,0.415156,0.0241713,10.3136,1.00877
381,1810,0.0580163,0.0104975,0.282093,0.0544109,0.0825351,0.0318863,3.68419,0.232522,0.410259,0.0228462,10.8048,1.04816
382,2083,0.105601,0.0209069,0.305368,0.0566636,0.0964589,0.0343696,3.6273,0.232881,0.411843,0.0232062,10.5475,1.037
383,920,0.193998,0.0284261,0.30801,0.057725,0.098199,0.0350293,3.50665,0.221404,0.413549,0.0227037,10.5569,1.01753
384,475,0.295621,0.0281007,0.303322,0.0573881,0.0952907,0.0346705,3.30238,0.206695,0.413683,0.0231433,10.471,0.991613
385,419,0.430203,0.0554535,0.299081,0.0576143,0.0927608,0.0347865,2.9806,0.214155,0.414796,0.0231584,10.3726,0.991498
386,146,0.648786,0.0764322,0.300446,0.0582216,0.0936345,0.0352306,2.39627,0.277075,0.414744,0.0242203,10.4394,0.916815
387,1848,0.103572,0.0242945,0.480171,0.0550264,0.23359,0.0541052,3.45292,0.238796,0.410671,0.0231672,10.7225,1.03321
388,1053,0.194315,0.0291959,0.495907,0.0570503,0.249175,0.0568251,3.39822,0.22681,0.412258,0.0233008,10.5798,1.02764
389,495,0.294953,0.02844,0.495584,0.058576,0.249028,0.0584255,3.22286,0.207126,0.414733,0.0227713,10.5355,1.00735
390,400,0.429584,0.0557297,0.501309,0.0575341,0.254613,0.0577953,2.925,0.22256,0.414531,0.0226611,10.4321,1.01021
391,130,0.650488,0.0831558,0.490473,0.0532802,0.243381,0.052581,2.32194,0.286457,0.416477,0.0248894,10.4214,1.0599
392,448,0.120238,0.0185657,0.691538,0.0821352,0.484956,0.121961,3.18686,0.283331,0.406993,0.0225774,10.8673,1.04807
393,804,0.196988,0.0286094,0.736302,0.102804,0.552697,0.158788,3.16373,0.274008,0.412165,0.0232278,10.7174,1.01652
394,585,0.295697,0.0290785,0.760502,0.111096,0.590684,0.173688,3.05329,0.236718,0.41123,0.0226544,10.564,0.995977
395,501,0.429669,0.0561924,0.765869,0.110222,0.59868,0.173407,2.78563,0.237092,0.41478,0.0222109,10.5185,1.08303
396,134,0.633632,0.0707688,0.774321,0.108612,0.611281,0.172002,2.26911,0.248399,0.411961,0.022041,10.4078,0.925555
397,75,0.202979,0.0315617,1.10492,0.0889169,1.22866,0.205226,2.61918,0.336099,0.40632,0.0240238,11.0311,0.984145
398,108,0.296375,0.0289447,1.15892,0.13341,1.36074,0.325395,2.5674,0.330826,0.412897,0.0220646,10.7303,1.02277
399,159,0.454816,0.0867597,1.19404,0.145673,1.44681,0.371941,2.39046,0.303677,0.409904,0.0227895,10.6945,1.08111
400,954,0.0573817,0.0105195,0.123979,0.0500628,0.0178744,0.0117863,3.20266,0.284804,0.508768,0.0398114,11.0461,1.12492
401,1036,0.105123,0.0207109,0.127097,0.0474984,0.0184076,0.0114215,3.09071,0.284216,0.514802,0.0412266,10.7124,1.11702
402,503,0.193869,0.0288305,0.127166,0.0485209,0.0185209,0.011499,2.96934,0.262322,0.516477,0.0412621,10.7918,1.1167
403,293,0.296523,0.0285741,0.130008,0.0501495,0.0194086,0.0118965,2.7693,0.262104,0.518194,0.0419016,10.6169,1.14331
404,320,0.431251,0.0564524,0.128678,0.0462841,0.0186935,0.0111839,2.51119,0.239206,0.521434,0.0412117,10.7131,1.09909
405,92,0.636248,0.0721667,0.134495,0.0472073,0.0202931,0.0115596,2.05647,0.252956,0.523052,0.0413493,10.7514,1.13326
406,763,0.0610922,0.0089758,0.274791,0.0531464,0.0783312,0.0308298,3.10303,0.300682,0.500531,0.0360523,11.2147,1.10212
407,1902,0.106669,0.0211134,0.296628,0.0560377,0.0911268,0.0336193,2.99768,0.289986,0.512595,0.0396854,10.8752,1.12337
408,955,0.192826,0.0283719,0.303941,0.0580662,0.0957482,0.0349635,2.89522,0.284662,0.516063,0.0411269,10.7521,1.11539
409,593,0.296413,0.0286306,0.300366,0.0578551,0.0935614,0.0350031,2.75682,0.251219,0.514033,0.0409653,10.7445,1.10693
410,624,0.430396,0.0556858,0.302314,0.0573537,0.094678,0.0346159,2.48161,0.251036,0.519037,0.0415498,10.6633,1.13883
411,204,0.632788,0.0664623,0.305728,0.055361,0.0965195,0.0337002,2.05231,0.228309,0.515883,0.0424569,10.6533,1.09763
412,1113,0.111787,0.0224221,0.478795,0.0562353,0.232404,0.0554678,2.82302,0.306159,0.504985,0.0374922,11.0712,1.1306
413,881,0.194439,0.0281695,0.491252,0.0574151,0.244621,0.0571418,2.77279,0.297534,0.513002,0.0406429,10.8351,1.12943
414,511,0.296835,0.0290876,0.496824,0.0573335,0.250115,0.0572232,2.67048,0.262554,0.51267,0.0394577,10.8363,1.13781
415,604,0.438563,0.0575731,0.495443,0.0572151,0.248732,0.0570936,2.39541,0.249136,0.520169,0.0404628,10.7832,1.10542
416,205,0.637627,0.0674123,0.497473,0.0588517,0.250926,0.0588148,1.96595,0.239254,0.5212,0.0398072,10.7664,1.14142
417,183,0.126165,0.0163848,0.676538,0.0714009,0.462774,0.105074,2.52155,0.35333,0.496694,0.0346072,11.0921,1.12164
418,517,0.198279,0.0286959,0.721395,0.0895925,0.528422,0.136791,2.5373,0.349605,0.507924,0.0390652,11.093,1.17575
419,448,0.298794,0.0274917,0.752881,0.110909,0.579104,0.172959,2.46032,0.305458,0.509838,0.0381712,10.9381,1.16467
420,601,0.437405,0.0556316,0.744429,0.108335,0.565892,0.16937,2.25306,0.288332,0.515475,0.0410687,10.7775,1.1375
421,176,0.633186,0.0587154,0.741139,0.104996,0.560249,0.16258,1.87862,0.238316,0.510729,0.0404585,10.6958,1.13403
422,17,0.21191,0.0407132,1.0661,0.0534848,1.13926,0.116402,1.96735,0.255353,0.496031,0.040045,11.4971,1.03108
423,55,0.30999,0.0302211,1.1081,0.0885676,1.2356,0.204043,2.06541,0.285273,0.502447,0.0331023,11.4078,1.09645
424,95,0.461345,0.0843664,1.13058,0.109412,1.29005,0.257917,1.92929,0.267067,0.49925,0.0336234,11.1609,1.03648
425,160,0.0626568,0.00822922,0.102825,0.0497489,0.0130324,0.0107009,2.39694,0.224318,0.655449,0.0436277,11.0616,1.17464
426,351,0.108663,0.0215941,0.113816,0.0495161,0.0153988,0.011249,2.33294,0.22767,0.664122,0.045873,10.9611,1.13542
427,180,0.191381,0.0280281,0.129289,0.0522312,0.0194285,0.0122391,2.21671,0.226718,0.666703,0.0464758,10.6509,1.14766
428,106,0.30057,0.0297032,0.124521,0.0437461,0.0174011,0.0106311,2.12618,0.196165,0.663301,0.0464137,10.9033,1.20752
429,133,0.449801,0.0544986,0.128289,0.0468289,0.0186345,0.0115643,1.93328,0.199907,0.660947,0.0467438,10.9718,1.17451
430,27,0.61594,0.0411671,0.144874,0.0480752,0.023214,0.0122658,1.69905,0.123918,0.638129,0.0316764,10.4705,1.08402
431,54,0.0658019,0.00688178,0.262902,0.0507838,0.0716486,0.0286504,2.32503,0.236175,0.636871,0.0302137,11.5057,1.10499
432,378,0.113346,0.02077,0.292259,0.0555528,0.0884933,0.0332143,2.20847,0.243793,0.658593,0.0433519,11.1026,1.16583
433,293,0.192243,0.0286397,0.298676,0.0573999,0.0924909,0.0347047,2.15969,0.249861,0.663131,0.0474081,10.9299,1.16716
434,215,0.304873,0.0282047,0.298345,0.0566901,0.0922084,0.0337499,2.03247,0.209227,0.66969,0.048881,10.9463,1.10809
435,274,0.438146,0.0564484,0.301319,0.0557812,0.0938931,0.0336147,1.90128,0.18193,0.657918,0.0428367,10.8451,1.13044
436,63,0.603294,0.043616,0.298162,0.0594934,0.0923841,0.0357065,1.66843,0.115017,0.651804,0.0345538,10.9062,1.05368
437,114,0.122211,0.0193378,0.462418,0.053711,0.21669,0.0519624,2.02983,0.236379,0.642578,0.0377132,11.2921,1.07129
438,198,0.195027,0.0279936,0.486658,0.0577043,0.240149,0.0569859,2.01359,0.230449,0.653228,0.0417904,11.061,1.19233
439,174,0.299045,0.0271513,0.49362,0.0561291,0.246793,0.055866,1.97924,0.203377,0.65275,0.0408402,10.9914,1.15516
440,201,0.43906,0.0549828,0.487725,0.0546454,0.240847,0.0540944,1.81703,0.17948,0.653772,0.0359916,10.8169,1.11258
441,33,0.599431,0.0338512,0.473085,0.0524331,0.226475,0.0506865,1.6702,0.114753,0.630652,0.0247285,10.8069,1.14202
442,3,0.130458,0.0117741,0.623606,0.0183087,0.389109,0.0226457,1.88584,0.16473,0.627977,0.0211834,12.1234,0.585273
443,38,0.208578,0.0252463,0.680505,0.0714641,0.468059,0.102213,1.90923,0.210847,0.631874,0.0311024,11.773,0.886893
444,66,0.304166,0.0275905,0.697877,0.0685341,0.491658,0.0999041,1.88646,0.152922,0.629417,0.0253403,11.2146,1.13743
445,102,0.442647,0.0577218,0.70836,0.084936,0.508917,0.127461,1.73609,0.175886,0.636469,0.0308664,11.2343,1.14772
446,15,0.596064,0.0343411,0.674816,0.0732628,0.460386,0.109844,1.59789,0.0778631,0.635688,0.0229479,11.7973,1.17003
447,0,0,0,0,0,0,0,0,0,0,0,0,0
448,1,0.335301,0,1.02567,0,1.05201,0,1.53399,0,0.607038,0,11.6345,0
449,1,0.472281,0,1.01148,0,1.02308,0,1.63896,0,0.602268,0,12.2609,0
450,580,0.0512204,0.0119407,0.13241,0.0474868,0.0197835,0.0114894,3.56385,0.272623,0.518332,0.0449937,14.331,1.06354
451,318,0.101532,0.0215709,0.130144,0.0453035,0.0189835,0.0108858,3.47444,0.279245,0.526108,0.0446734,14.2876,1.05499
452,167,0.195997,0.0286546,0.123793,0.052055,0.0180181,0.0118589,3.3382,0.251139,0.523906,0.043721,14.3252,1.1236
453,101,0.29208,0.027021,0.121123,0.0489404,0.0170422,0.0112396,3.1244,0.24537,0.527433,0.047021,14.2392,1.04657
454,75,0.442195,0.0574809,0.12716,0.044617,0.0181338,0.0110757,2.78662,0.226082,0.530127,0.0454479,14.2911,1.06491
455,32,0.638593,0.0608576,0.140336,0.0442736,0.0215931,0.0110214,2.27338,0.212054,0.538785,0.0310996,14.6276,1.31703
456,642,0.0571399,0.0109662,0.282694,0.0552288,0.0829615,0.0324843,3.40895,0.290383,0.514645,0.04418,14.2737,1.08737
457,731,0.104406,0.0206069,0.304216,0.0576854,0.0958706,0.0349277,3.35726,0.285392,0.525024,0.0456547,14.2788,1.03325
458,360,0.192425,0.0288776,0.306262,0.0589946,0.0972672,0.0356268,3.26314,0.253363,0.526173,0.0433645,14.3194,1.08298
459,167,0.294715,0.0271435,0.308934,0.0536363,0.0982998,0.0323837,3.05499,0.242487,0.529545,0.0425609,14.1908,0.992487
460,174,0.432392,0.0553146,0.30161,0.0552356,0.0940019,0.0329666,2.78116,0.24658,0.529464,0.0450759,14.2847,1.01854
461,75,0.643535,0.0680586,0.301764,0.0548238,0.094027,0.033232,2.21808,0.284941,0.536985,0.0463343,14.2314,1.03447
462,647,0.100951,0.0249977,0.481809,0.0546486,0.235121,0.0539952,3.19377,0.293485,0.514222,0.0447323,14.2954,1.01376
463,370,0.191955,0.029,0.492503,0.0566996,0.245765,0.0564488,3.12747,0.272964,0.528667,0.0453759,14.4086,1.12657
464,191,0.29359,0.0291384,0.502992,0.0578844,0.256334,0.0583673,3.01196,0.262196,0.521966,0.0449039,14.217,1.06701
465,123,0.424664,0.0515211,0.498335,0.0588378,0.251772,0.0586085,2.72801,0.235264,0.528571,0.0403643,14.2459,1.0105
466,56,0.626913,0.0650207,0.50492,0.0542459,0.257834,0.0548311,2.24231,0.247732,0.530703,0.0420122,14.4737,1.11331
467,177,0.122171,0.0208104,0.699438,0.0794491,0.49549,0.118586,2.87833,0.358051,0.511366,0.0466636,14.3817,1.1171
468,302,0.197126,0.0285686,0.749192,0.108657,0.573056,0.170111,2.87443,0.319751,0.520531,0.0455575,14.4675,1.18882
469,185,0.297234,0.0293145,0.767338,0.105543,0.599886,0.16608,2.80541,0.287347,0.522156,0.0436964,14.3571,1.06636
470,168,0.428898,0.055771,0.769487,0.10459,0.602984,0.164868,2.56039,0.267775,0.528406,0.0460206,14.3018,1.13209
471,56,0.631146,0.0672771,0.746889,0.108873,0.569485,0.170488,2.1101,0.230537,0.526314,0.0417598,14.2318,0.919757
472,23,0.198191,0.0247701,1.07949,0.0618009,1.16895,0.136596,2.29166,0.366113,0.512434,0.0415853,14.4406,1.24587
473,45,0.295683,0.0302852,1.12588,0.104135,1.27822,0.243434,2.40044,0.280517,0.513531,0.0370934,14.3948,1.05999
474,49,0.44581,0.0718352,1.14458,0.118197,1.32376,0.289396,2.13814,0.332058,0.535116,0.047477,14.5685,1.22646
475,283,0.054182,0.0119471,0.123074,0.0489699,0.0175369,0.0115218,2.73026,0.332659,0.673946,0.0557083,16.1309,2.11911
476,235,0.106014,0.019462,0.119753,0.0485449,0.0166874,0.0111968,2.6925,0.336861,0.676011,0.0595449,15.8506,2.05823
477,143,0.1941,0.0296956,0.130476,0.0470687,0.019224,0.0112045,2.55188,0.328782,0.683317,0.0629783,15.8781,2.01896
478,83,0.296364,0.0296857,0.12414,0.0438241,0.0173082,0.0105489,2.40398,0.318474,0.685158,0.059119,15.8451,1.86558
479,82,0.443095,0.0596556,0.137462,0.0431873,0.0207383,0.0114539,2.14934,0.269343,0.682346,0.0569936,15.4618,1.91486
480,22,0.607563,0.0359768,0.127754,0.0521366,0.0189158,0.0133718,1.87214,0.219569,0.692587,0.0624142,16.9558,2.46724
481,247,0.0599299,0.00961774,0.278534,0.0546549,0.0805562,0.0316355,2.60453,0.362747,0.666533,0.0553532,16.6341,2.11751
482,457,0.106191,0.0211151,0.301979,0.0554329,0.0942574,0.033461,2.54518,0.365713,0.677796,0.0576652,16.0763,1.95437
483,269,0.194545,0.0287714,0.300881,0.0580534,0.0938871,0.0347124,2.46809,0.362826,0.682756,0.0648704,15.8123,1.97592
484,178,0.293785,0.0287543,0.293152,0.059457,0.0894532,0.0351017,2.39143,0.300668,0.677089,0.0611762,15.95,2.1974
485,186,0.42999,0.0535006,0.30148,0.0583812,0.0942801,0.0353289,2.13126,0.29526,0.687476,0.0621136,15.896,1.91456
486,54,0.627689,0.0527708,0.289957,0.0591469,0.0875085,0.0352134,1.83457,0.173364,0.668008,0.0482504,15.8411,2.15308
487,266,0.109896,0.0226409,0.48,0.0547352,0.233385,0.0538921,2.36366,0.32602,0.660093,0.048276,16.1168,1.95238
488,222,0.193674,0.0281053,0.495344,0.0540329,0.248272,0.0536989,2.3692,0.307919,0.670736,0.0504509,15.9893,2.04264
489,148,0.291895,0.0289931,0.494716,0.0614056,0.248489,0.0616149,2.21965,0.304884,0.683924,0.0583686,15.7425,1.90906
490,168,0.432368,0.0552497,0.495057,0.0552432,0.248116,0.0554701,2.0536,0.272168,0.680116,0.0526959,15.615,1.92507
491,41,0.619298,0.0530477,0.484406,0.0577983,0.237908,0.0572564,1.83639,0.218818,0.655996,0.0490684,15.9383,2.30743
492,46,0.128796,0.0164244,0.67486,0.0586835,0.458805,0.0830206,2.05785,0.313048,0.649454,0.0384901,16.2305,2.26219
493,126,0.201323,0.029278,0.721328,0.0937908,0.529042,0.142779,2.18344,0.304,0.653365,0.0426098,16.3885,2.08429
494,116,0.293974,0.0281002,0.741295,0.103221,0.560081,0.159841,2.09752,0.259995,0.658727,0.0456877,15.7664,1.94706
495,134,0.433104,0.0563153,0.738766,0.10299,0.556303,0.160915,1.97279,0.241356,0.665047,0.0442329,16.2045,1.9514
496,36,0.614986,0.0525725,0.702395,0.0918132,0.501555,0.139787,1.7603,0.182421,0.649887,0.0403598,16.1435,1.86573
497,1,0.214979,0,1.03249,0,1.06604,0,2.00203,0,0.631848,0,18.6863,0
498,5,0.314208,0.0221272,1.13237,0.155308,1.30157,0.373759,1.72907,0.307186,0.63273,0.028999,16.8871,2.72266
499,10,0.46187,0.0469098,1.05969,0.0673872,1.12702,0.148494,1.82682,0.193147,0.632121,0.0214054,16.7296,1.47192
