bin,count,z_pim,z_pim_err,phperp_pim,phperp_pim_err,phperp2_pim,phperp2_pim_err,mx_pim,mx_pim_err,x,x_err,Q2,Q2_err
0,15,0.038629,0.0179695,0.19292,0.00556726,0.0372471,0.00215229,4.57562,0.224216,0.142238,0.0104022,3.76733,0.439642
1,0,0,0,0,0,0,0,0,0,0,0,0,0
2,0,0,0,0,0,0,0,0,0,0,0,0,0
3,0,0,0,0,0,0,0,0,0,0,0,0,0
4,3,0.735062,0.0273819,0.170737,0.0438373,0.0304322,0.0138624,2.41437,0.0973773,0.154119,0.00594037,3.46456,0.341856
5,2240,0.0609473,0.0169492,0.322374,0.0470689,0.106139,0.0297914,4.59429,0.232038,0.137438,0.016811,3.80986,0.489927
6,260,0.117706,0.013011,0.357587,0.0343809,0.129046,0.0236002,4.40883,0.244345,0.142578,0.0135986,3.73674,0.433351
7,80,0.182248,0.0266933,0.353708,0.0353205,0.126341,0.0240774,4.27158,0.263715,0.143654,0.013595,3.7264,0.46207
8,23,0.28724,0.0298235,0.346106,0.0408737,0.121387,0.0266866,3.95715,0.163478,0.14995,0.00845464,3.78692,0.378412
9,32,0.43451,0.0576058,0.331194,0.0591193,0.113075,0.0361904,3.58567,0.283349,0.145111,0.0110201,3.68629,0.394231
10,12,0.651234,0.0624796,0.314138,0.0537675,0.101333,0.0336095,2.80078,0.29427,0.150973,0.0106808,3.65347,0.383475
11,1708,0.0784153,0.0129344,0.477783,0.053549,0.231142,0.0525419,4.45669,0.22864,0.135562,0.0175937,3.81382,0.516251
12,1002,0.121079,0.0140658,0.50456,0.0575294,0.257888,0.057998,4.38798,0.251203,0.13794,0.0167527,3.77262,0.487205
13,591,0.18619,0.0266835,0.51539,0.0558562,0.268742,0.056594,4.24571,0.243266,0.140822,0.0158722,3.76842,0.482309
14,128,0.296435,0.0303463,0.517011,0.0602787,0.270906,0.061253,4.02604,0.235128,0.140544,0.0159381,3.78313,0.436345
15,99,0.428209,0.0522537,0.509043,0.0588952,0.262558,0.0590694,3.66681,0.279774,0.139294,0.0171591,3.74063,0.509732
16,24,0.629556,0.0792629,0.521207,0.0489753,0.273956,0.0500338,2.95083,0.355295,0.141295,0.0134764,3.71451,0.346712
17,1025,0.116639,0.0199476,0.712555,0.0906866,0.515951,0.137398,4.1812,0.249387,0.135453,0.0172202,3.82151,0.496956
18,1015,0.192685,0.0283167,0.760752,0.107129,0.590208,0.167876,4.10259,0.266495,0.136531,0.0172991,3.76879,0.496539
19,406,0.29334,0.0294371,0.781827,0.113891,0.624192,0.181451,3.90778,0.248263,0.137791,0.0174344,3.75396,0.489323
20,349,0.430392,0.055949,0.793651,0.110714,0.642105,0.177157,3.58159,0.273809,0.137498,0.0172593,3.77957,0.494922
21,73,0.64598,0.0696441,0.808884,0.104675,0.6651,0.169657,2.86147,0.331129,0.13777,0.0144189,3.81357,0.433277
22,208,0.197727,0.0324508,1.12994,0.109361,1.28867,0.262259,3.65844,0.295663,0.135768,0.0170162,3.84921,0.499511
23,188,0.295421,0.0274017,1.20789,0.151183,1.48173,0.387441,3.55749,0.300448,0.136004,0.0186067,3.8128,0.560673
24,172,0.486364,0.107163,1.21795,0.185198,1.51749,0.512307,3.11388,0.435534,0.136804,0.0164827,3.79446,0.499753
25,35,0.0532248,0.0225619,0.185034,0.0140094,0.0344282,0.0049285,4.10021,0.261512,0.1856,0.0090815,4.12569,0.474517
26,0,0,0,0,0,0,0,0,0,0,0,0,0
27,3,0.301948,0.0209321,0.190719,0.00692616,0.0364058,0.00261641,3.41216,0.129947,0.186406,0.0106467,3.59767,0.38139
28,13,0.456592,0.0485997,0.155285,0.0253059,0.0247047,0.00744712,3.27094,0.185533,0.18874,0.00811307,4.24892,0.272191
29,8,0.621017,0.0442851,0.106165,0.0428156,0.0128751,0.00949608,2.69454,0.097164,0.175659,0.00715269,3.63622,0.228151
30,1399,0.0677537,0.0165667,0.3147,0.0514943,0.101686,0.0319094,4.19242,0.267158,0.178927,0.0109511,4.36178,0.451308
31,396,0.118704,0.0138805,0.335783,0.0446806,0.114741,0.0287915,4.00953,0.263866,0.180983,0.0108064,4.10718,0.488421
32,197,0.189503,0.029833,0.334779,0.0512083,0.114686,0.0327028,3.85943,0.262629,0.183997,0.0108385,4.10581,0.488709
33,70,0.293716,0.0276566,0.320362,0.0535013,0.105453,0.0328711,3.61671,0.237608,0.180659,0.011642,3.94208,0.45524
34,72,0.439388,0.0544798,0.311433,0.0506666,0.0995217,0.0311896,3.37605,0.258801,0.18272,0.0103595,4.30682,0.416017
35,19,0.639146,0.0847602,0.296513,0.0635389,0.0917449,0.0376327,2.75141,0.378363,0.177505,0.00937283,4.17447,0.549603
36,737,0.0816941,0.0117155,0.473381,0.053949,0.226996,0.0529477,4.06691,0.268801,0.177394,0.0105624,4.44705,0.415723
37,744,0.121799,0.0139752,0.495462,0.0571624,0.248746,0.0569018,3.9512,0.288579,0.17901,0.0107817,4.23711,0.469985
38,575,0.190187,0.0277332,0.50396,0.0567237,0.257188,0.0570087,3.85379,0.27751,0.180103,0.0111481,4.2021,0.482121
39,169,0.288744,0.0282422,0.513765,0.0611136,0.267667,0.0620077,3.65409,0.284103,0.180137,0.0110887,4.16879,0.521804
40,95,0.427547,0.0498761,0.510182,0.0575853,0.263566,0.0582816,3.36287,0.257021,0.180028,0.0110254,4.26771,0.491831
41,34,0.668176,0.0945926,0.521817,0.0564466,0.275385,0.0583952,2.5691,0.414597,0.180281,0.0113723,4.18066,0.499973
42,471,0.121822,0.0183913,0.692933,0.0798835,0.486524,0.118471,3.77442,0.306979,0.177123,0.0107021,4.38692,0.422595
43,696,0.194659,0.0291698,0.751393,0.108178,0.576277,0.169042,3.67574,0.315538,0.178816,0.0112605,4.29697,0.471226
44,339,0.296474,0.0281566,0.767958,0.111942,0.602253,0.177228,3.51106,0.258765,0.180607,0.0107539,4.27092,0.465003
45,281,0.427355,0.0536821,0.782612,0.117454,0.626227,0.186741,3.2179,0.286566,0.179763,0.0109014,4.2281,0.465309
46,75,0.636821,0.0737178,0.810657,0.122038,0.67186,0.19676,2.57878,0.35201,0.179252,0.0104351,4.19175,0.518621
47,105,0.205603,0.0351959,1.12474,0.125839,1.28073,0.313541,3.18535,0.352415,0.179633,0.0110961,4.47475,0.370505
48,104,0.294641,0.0290264,1.17638,0.154958,1.40765,0.391212,3.16506,0.357043,0.177818,0.0106351,4.3804,0.461598
49,116,0.480999,0.0993278,1.20168,0.179388,1.47594,0.48462,2.7865,0.407252,0.179788,0.0112799,4.35225,0.452354
50,50,0.0748919,0.0282175,0.183671,0.012015,0.0338767,0.00426128,3.67992,0.218162,0.220198,0.0101997,4.12409,0.458063
51,17,0.203126,0.025918,0.181022,0.0172239,0.0330484,0.00594267,3.42738,0.190845,0.22343,0.00688151,4.03132,0.49152
52,16,0.310629,0.028954,0.169933,0.0193238,0.0292273,0.00627999,3.23668,0.145562,0.218914,0.0102122,3.97086,0.372868
53,28,0.448162,0.0609125,0.1453,0.0374159,0.0224619,0.0101619,3.026,0.249042,0.21682,0.0126097,4.21787,0.552384
54,16,0.669689,0.0913058,0.107373,0.056144,0.0144841,0.0128352,2.37241,0.325857,0.216154,0.00889871,4.10082,0.440266
55,596,0.0735581,0.0154226,0.302384,0.0519196,0.0941271,0.0314792,3.73918,0.220173,0.215865,0.0103762,4.40355,0.424128
56,378,0.122172,0.0142855,0.317912,0.0538695,0.103962,0.0329927,3.63804,0.224632,0.217337,0.0102837,4.24721,0.467159
57,219,0.186884,0.027803,0.319269,0.0544607,0.104885,0.0336658,3.52524,0.212339,0.217494,0.0103715,4.18919,0.454582
58,66,0.296332,0.0303184,0.307411,0.054158,0.0973902,0.0331211,3.36365,0.197399,0.216341,0.0106733,4.25457,0.43877
59,68,0.434282,0.0536878,0.303691,0.0553054,0.0952422,0.0336107,3.04435,0.190286,0.216748,0.0110556,4.25451,0.463199
60,26,0.6766,0.0742968,0.293775,0.056081,0.0893279,0.0329494,2.36301,0.268976,0.215193,0.010771,4.18447,0.391463
61,219,0.0843964,0.0101792,0.461575,0.0422119,0.214825,0.0403648,3.6205,0.196932,0.214014,0.0101714,4.54849,0.327466
62,344,0.124052,0.0145602,0.495003,0.0560055,0.248155,0.0555256,3.51694,0.245604,0.216707,0.0102148,4.36484,0.425602
63,418,0.189549,0.0277469,0.49683,0.0560045,0.249969,0.0558942,3.44951,0.216764,0.216358,0.0104061,4.27018,0.451373
64,129,0.293013,0.0298477,0.502398,0.0609215,0.256087,0.0609694,3.27581,0.212701,0.219095,0.0102713,4.30332,0.470511
65,72,0.423182,0.0546457,0.500091,0.0605522,0.253706,0.0607143,3.0336,0.220567,0.218145,0.0110891,4.36074,0.443882
66,18,0.638843,0.0817388,0.484367,0.0553103,0.237501,0.0553237,2.40258,0.315493,0.220041,0.0102251,4.19757,0.535336
67,134,0.127402,0.0161367,0.683943,0.0757212,0.473469,0.110796,3.34257,0.250036,0.212879,0.00967505,4.51604,0.402586
68,310,0.198421,0.027961,0.730308,0.0962492,0.542584,0.147412,3.22209,0.269442,0.21705,0.0103932,4.34736,0.450914
69,200,0.297604,0.0299906,0.754184,0.10374,0.579502,0.161854,3.11278,0.254434,0.21646,0.0104481,4.29508,0.487861
70,195,0.432312,0.0590599,0.77898,0.111673,0.619216,0.177588,2.82926,0.24429,0.216833,0.00980634,4.24573,0.476895
71,43,0.636572,0.0734291,0.807166,0.117926,0.665101,0.187767,2.30937,0.289209,0.215754,0.00988186,4.27728,0.46333
72,26,0.220444,0.0252181,1.09301,0.0666674,1.19894,0.148351,2.77324,0.256009,0.218382,0.00959213,4.6133,0.290589
73,45,0.293847,0.0278183,1.15929,0.174423,1.37369,0.457514,2.61854,0.354642,0.21772,0.0102649,4.38636,0.432497
74,70,0.492709,0.0956546,1.18726,0.154693,1.43318,0.393039,2.34838,0.346613,0.216329,0.0106249,4.30191,0.439797
75,89,0.0980894,0.0294174,0.177772,0.0186156,0.0319457,0.00633329,3.42063,0.171766,0.253475,0.0119243,4.29893,0.381571
76,47,0.196938,0.0309465,0.166725,0.028442,0.0285889,0.00864255,3.20842,0.171184,0.259276,0.0106653,4.22123,0.452022
77,25,0.297163,0.0326541,0.141529,0.0371332,0.0213541,0.00935717,3.0268,0.141344,0.256858,0.0099538,4.15505,0.43057
78,22,0.437311,0.0494543,0.134701,0.0531098,0.0208367,0.0134888,2.75541,0.177242,0.256338,0.0131323,4.18238,0.42856
79,9,0.654818,0.0970295,0.109479,0.0732952,0.016761,0.0160575,2.29039,0.341662,0.255014,0.0120054,4.44,0.413918
80,276,0.0791751,0.0127349,0.292292,0.0534643,0.0882827,0.0319465,3.39131,0.199548,0.252933,0.0109744,4.46402,0.407775
81,263,0.122848,0.0139175,0.31387,0.0558578,0.101622,0.0344326,3.3139,0.20047,0.254699,0.0113917,4.3449,0.430466
82,232,0.189761,0.0284637,0.316478,0.0540549,0.103068,0.0334134,3.2106,0.190447,0.253879,0.0110272,4.25,0.437158
83,57,0.293693,0.026341,0.299848,0.0575602,0.0931638,0.0349311,3.05906,0.17018,0.254744,0.0108479,4.29774,0.413666
84,56,0.427929,0.0470445,0.306248,0.0618055,0.0975397,0.0373906,2.77688,0.180074,0.255137,0.0104362,4.27792,0.466578
85,21,0.634983,0.0595997,0.291507,0.0607975,0.0884969,0.0354075,2.27893,0.205032,0.255164,0.0114507,4.24969,0.426099
86,75,0.0888286,0.00738744,0.454153,0.048364,0.208563,0.0467285,3.21671,0.177954,0.252201,0.0103084,4.57467,0.345211
87,218,0.124999,0.0145198,0.485229,0.0575126,0.238739,0.0568752,3.16767,0.200966,0.253184,0.0111078,4.42688,0.40438
88,251,0.193193,0.0290242,0.49423,0.0579938,0.247613,0.0582801,3.11728,0.205652,0.253475,0.0105517,4.34748,0.445863
89,142,0.289941,0.0273822,0.502302,0.0550475,0.255317,0.0550127,2.98502,0.176832,0.255827,0.0118364,4.36847,0.396516
90,56,0.41134,0.0434832,0.525033,0.0573121,0.278885,0.0579162,2.74511,0.158933,0.255902,0.00986772,4.34484,0.422288
91,17,0.679878,0.102075,0.488636,0.0566204,0.241783,0.0565091,2.1118,0.295415,0.253025,0.0118048,4.36821,0.487904
92,69,0.129588,0.0141898,0.667085,0.0548414,0.447966,0.0762665,2.95439,0.185132,0.249141,0.0100832,4.54341,0.304847
93,214,0.199187,0.0297789,0.730547,0.102558,0.544168,0.157578,2.87069,0.262764,0.253707,0.0109264,4.45096,0.403838
94,160,0.29583,0.0281441,0.750808,0.100364,0.573722,0.156083,2.81114,0.214752,0.252661,0.0112609,4.40516,0.448886
95,126,0.43054,0.0600182,0.77123,0.110608,0.606933,0.174562,2.56963,0.220838,0.253348,0.0111222,4.35214,0.473801
96,33,0.652775,0.0711165,0.779065,0.115604,0.619902,0.182028,2.0417,0.234881,0.255836,0.0109663,4.33143,0.430835
97,5,0.220812,0.0198356,1.15065,0.0825738,1.32945,0.190171,2.29626,0.177931,0.245799,0.008492,4.67573,0.257598
98,19,0.315506,0.0231426,1.11455,0.0886524,1.24967,0.203319,2.34361,0.193661,0.255373,0.00967148,4.4833,0.348243
99,36,0.486799,0.105366,1.16495,0.130218,1.37359,0.323316,2.10566,0.342018,0.253899,0.0109233,4.51083,0.402789
100,98,0.105139,0.0265999,0.167876,0.0207506,0.0286087,0.00678699,3.09552,0.174672,0.295699,0.0130643,4.3245,0.433675
101,45,0.194662,0.0288355,0.150702,0.0373083,0.0240721,0.0105036,2.95657,0.177658,0.296931,0.0120384,4.24651,0.431612
102,32,0.297324,0.0298591,0.136915,0.0468709,0.020874,0.0110539,2.82679,0.167666,0.295217,0.0131096,4.32859,0.450017
103,38,0.431686,0.0549922,0.109098,0.0463883,0.0139976,0.0101931,2.55706,0.17056,0.298658,0.0134362,4.32295,0.444814
104,11,0.626183,0.0670996,0.145814,0.0298917,0.022074,0.00856905,2.16786,0.206744,0.299117,0.0122742,4.48345,0.24757
105,118,0.0807085,0.0129516,0.280153,0.0528156,0.0812518,0.031041,3.08331,0.165675,0.291748,0.0114301,4.49708,0.357379
106,197,0.121842,0.0138402,0.306525,0.058109,0.0973168,0.0356186,3.03349,0.184443,0.293563,0.0124623,4.43099,0.422195
107,200,0.188087,0.0285399,0.318318,0.0570357,0.104563,0.0351533,2.94944,0.164172,0.294416,0.0123788,4.38379,0.404481
108,59,0.293608,0.029729,0.304544,0.0585645,0.0961186,0.0355936,2.78304,0.159313,0.294903,0.0136106,4.31534,0.403837
109,55,0.427742,0.0521129,0.278814,0.0580822,0.0810492,0.034678,2.58077,0.177755,0.293513,0.0111259,4.38969,0.393407
110,26,0.656749,0.0723057,0.296902,0.0606774,0.0916908,0.0373089,2.04452,0.224181,0.297709,0.0120202,4.3744,0.484421
111,21,0.0917979,0.00547816,0.450672,0.0357336,0.204321,0.0339894,2.94076,0.176514,0.286904,0.0110378,4.68689,0.309921
112,141,0.127064,0.013243,0.476423,0.0547184,0.229952,0.0536196,2.84464,0.209432,0.291865,0.012006,4.45224,0.428706
113,201,0.195283,0.0260275,0.493077,0.0549479,0.246129,0.054623,2.79667,0.181982,0.294677,0.0123152,4.37318,0.428793
114,84,0.301062,0.0296661,0.507147,0.0562563,0.260325,0.0565735,2.71236,0.14652,0.29323,0.0116947,4.43485,0.417247
115,58,0.414766,0.0567232,0.504854,0.0562095,0.257983,0.0560217,2.5179,0.166336,0.293798,0.0125505,4.40399,0.380257
116,17,0.669926,0.0815909,0.491113,0.0587208,0.244437,0.0583612,1.97072,0.235894,0.303523,0.00992136,4.6065,0.420753
117,16,0.137723,0.0096029,0.660362,0.039346,0.437529,0.0523763,2.61035,0.19171,0.291146,0.0128439,4.64217,0.333642
118,89,0.201667,0.0283527,0.716643,0.095757,0.522643,0.14768,2.52891,0.261409,0.295303,0.0124227,4.48554,0.42305
119,104,0.294568,0.0266201,0.73655,0.0951509,0.551472,0.145664,2.51291,0.197176,0.29425,0.0127364,4.45268,0.392628
120,118,0.434493,0.0584507,0.768666,0.106542,0.602103,0.168539,2.27081,0.194725,0.295244,0.0124453,4.32872,0.423941
121,31,0.62929,0.0632167,0.783173,0.0966033,0.622391,0.154191,1.90544,0.184137,0.292334,0.0127275,4.32007,0.39368
122,1,0.243412,0,1.00017,0,1.00033,0,2.447,0,0.277178,0,4.88655,0
123,13,0.307991,0.0289026,1.1398,0.10763,1.30984,0.251784,1.98952,0.265161,0.28515,0.0122888,4.52126,0.390111
124,29,0.506298,0.10346,1.0763,0.0729967,1.16356,0.163094,1.91911,0.1903,0.289073,0.0105147,4.48478,0.341
125,64,0.110859,0.0237659,0.152833,0.0302435,0.0242584,0.00917837,2.82541,0.132578,0.34316,0.0164175,4.42744,0.356767
126,67,0.194559,0.02839,0.132882,0.0418942,0.0193866,0.0102862,2.72374,0.161415,0.345218,0.0163894,4.4192,0.422958
127,51,0.299429,0.0282699,0.115797,0.0537665,0.016243,0.0122607,2.55612,0.152755,0.340489,0.0164995,4.26449,0.406867
128,36,0.431755,0.0457559,0.120527,0.0474305,0.0167139,0.0112764,2.35007,0.111292,0.342066,0.0136589,4.36475,0.39459
129,14,0.626267,0.0560116,0.114616,0.0581263,0.0162741,0.0125916,1.9997,0.140806,0.338544,0.0158138,4.43372,0.385123
130,52,0.0845207,0.0101249,0.286402,0.05671,0.0851804,0.0344085,2.75799,0.151508,0.339197,0.0156914,4.58268,0.346917
131,123,0.127598,0.0131876,0.307678,0.0567834,0.0978639,0.0342069,2.71522,0.170514,0.341474,0.0158515,4.46265,0.373441
132,156,0.192053,0.0267438,0.312459,0.0578618,0.100957,0.0354169,2.64527,0.146063,0.343749,0.0157232,4.40621,0.377435
133,60,0.296443,0.0274736,0.31628,0.057401,0.103273,0.0353141,2.51305,0.170341,0.34518,0.0153188,4.40918,0.423404
134,66,0.42568,0.0551231,0.288896,0.0596496,0.0869648,0.0359348,2.29241,0.14638,0.34721,0.0153641,4.33009,0.408296
135,23,0.642589,0.0690786,0.299611,0.0535192,0.0925064,0.0319986,1.93333,0.15172,0.342775,0.0167311,4.56147,0.444555
136,5,0.0896436,0.00436804,0.43284,0.0270394,0.187936,0.0242384,2.50763,0.135943,0.345644,0.0130238,4.77712,0.241471
137,67,0.127427,0.0116824,0.46583,0.0467682,0.219152,0.044923,2.50104,0.156292,0.342717,0.0152855,4.50101,0.357389
138,131,0.198547,0.0280896,0.488545,0.0557125,0.241756,0.055193,2.50144,0.160938,0.340593,0.0151064,4.41792,0.414132
139,70,0.29719,0.0291669,0.509264,0.0565195,0.262498,0.0568508,2.39822,0.161469,0.344757,0.0154164,4.41796,0.432727
140,64,0.440649,0.058577,0.508107,0.0624838,0.262016,0.0625428,2.19774,0.171996,0.34353,0.015541,4.37767,0.440898
141,15,0.639031,0.0789148,0.489689,0.0550745,0.242626,0.0532268,1.84526,0.18104,0.343346,0.0152366,4.4087,0.350866
142,4,0.132456,0.00748176,0.645046,0.031848,0.416845,0.0412979,2.28232,0.173759,0.32722,0.00517812,4.63595,0.375428
143,57,0.203888,0.0266908,0.70279,0.0749378,0.499431,0.108358,2.17083,0.266722,0.342563,0.0156627,4.47855,0.362453
144,53,0.301608,0.0280872,0.735574,0.101932,0.551264,0.155552,2.13503,0.208175,0.343291,0.0165918,4.34785,0.431125
145,89,0.432967,0.0520927,0.771042,0.107228,0.605874,0.170391,2.00309,0.173842,0.34411,0.0151312,4.38266,0.419442
146,14,0.61046,0.0529333,0.746912,0.0976859,0.566739,0.156099,1.74445,0.138727,0.346056,0.014609,4.41877,0.305578
147,0,0,0,0,0,0,0,0,0,0,0,0,0
148,3,0.304839,0.0433508,1.02871,0.0482845,1.05979,0.100687,1.89064,0.236255,0.338576,0.0212399,4.92078,0.0600541
149,9,0.496902,0.104994,1.08188,0.0557301,1.17321,0.123982,1.68754,0.178204,0.331986,0.0140986,4.6608,0.361878
150,48,0.118454,0.0202686,0.138593,0.0382093,0.0206374,0.0102003,2.51016,0.123249,0.405725,0.0201756,4.48471,0.295685
151,78,0.194775,0.02731,0.113889,0.0496433,0.0154035,0.011617,2.4125,0.138199,0.41386,0.0238469,4.50756,0.415292
152,45,0.294141,0.0240923,0.12907,0.0497985,0.0190839,0.0121635,2.29387,0.147531,0.405755,0.0250836,4.38356,0.393131
153,47,0.442424,0.0580177,0.126483,0.0487846,0.0183272,0.0120051,2.06861,0.14744,0.413904,0.0187125,4.47942,0.403721
154,7,0.719506,0.0721482,0.154941,0.0326293,0.0249194,0.0104244,1.60958,0.0876824,0.391024,0.0240369,4.33902,0.371734
155,23,0.090439,0.00701448,0.274709,0.0482866,0.0776953,0.0277415,2.47751,0.108485,0.394873,0.0154722,4.65795,0.256229
156,61,0.127253,0.0134953,0.30492,0.0556673,0.0960242,0.0342839,2.37228,0.148459,0.404405,0.0205757,4.49798,0.365627
157,106,0.197531,0.0295757,0.303056,0.0567203,0.0950297,0.034464,2.32382,0.134065,0.407995,0.021791,4.45363,0.414143
158,50,0.293485,0.0224093,0.308126,0.0641687,0.0989767,0.0390914,2.24911,0.131784,0.403705,0.023812,4.44096,0.379469
159,48,0.435493,0.0500691,0.277781,0.0497334,0.0795844,0.0289293,2.03862,0.131114,0.412762,0.0238973,4.4345,0.363028
160,26,0.637751,0.0508212,0.289356,0.0521658,0.0863436,0.0310809,1.73751,0.135559,0.403584,0.019482,4.46212,0.39188
161,0,0,0,0,0,0,0,0,0,0,0,0,0
162,24,0.129925,0.0132941,0.479292,0.0510736,0.23222,0.0493209,2.10175,0.123741,0.407666,0.0215257,4.65767,0.283369
163,88,0.201867,0.0285697,0.489583,0.0555206,0.242739,0.0550561,2.12529,0.165868,0.410293,0.0241066,4.48999,0.373577
164,59,0.291451,0.0263584,0.508879,0.0471021,0.261139,0.0477691,2.07531,0.15213,0.408409,0.0214368,4.40268,0.425052
165,42,0.413468,0.0517665,0.51841,0.0546635,0.271666,0.0557692,1.95539,0.138888,0.409752,0.0231948,4.44606,0.416175
166,12,0.63865,0.0611227,0.466444,0.063157,0.221227,0.0611556,1.67976,0.115373,0.406205,0.0216584,4.60659,0.29898
167,1,0.128489,0,0.617572,0,0.381395,0,1.82125,0,0.398415,0,4.87486,0
168,27,0.208848,0.0238205,0.681354,0.0684043,0.46875,0.0984428,1.87613,0.145794,0.402045,0.0217574,4.57923,0.39454
169,33,0.293319,0.0287613,0.711729,0.0872278,0.513937,0.129608,1.84181,0.193083,0.408005,0.0218355,4.48664,0.390097
170,54,0.44553,0.0609929,0.743361,0.0927258,0.561024,0.14201,1.73589,0.144441,0.404961,0.0188621,4.46655,0.39553
171,9,0.582995,0.0246214,0.729322,0.0721171,0.536534,0.108443,1.58995,0.0914448,0.413668,0.0219029,4.62371,0.196398
172,0,0,0,0,0,0,0,0,0,0,0,0,0
173,0,0,0,0,0,0,0,0,0,0,0,0,0
174,1,0.413333,0,1.05414,0,1.11122,0,1.63739,0,0.376013,0,4.93518,0
175,24,0.12536,0.0235916,0.103538,0.0432548,0.0125132,0.00941174,2.12739,0.153459,0.499173,0.0377019,4.48127,0.380126
176,45,0.198852,0.0283517,0.109097,0.0500602,0.0143525,0.0109761,2.06838,0.136484,0.503223,0.037644,4.55284,0.362199
177,33,0.30372,0.0279833,0.122565,0.0373433,0.0163744,0.00905215,1.94472,0.140514,0.508422,0.039229,4.54607,0.340817
178,25,0.409764,0.0481099,0.130069,0.0411633,0.0185445,0.0102226,1.83867,0.131168,0.498446,0.0411044,4.47493,0.325258
179,6,0.580654,0.0260107,0.147904,0.0269388,0.0224803,0.00730631,1.59331,0.0837377,0.503202,0.0280108,4.43993,0.42427
180,1,0.0915456,0,0.262975,0,0.0691556,0,2.14818,0,0.465986,0,4.70039,0
181,17,0.123655,0.0123082,0.29869,0.0612332,0.0927449,0.035703,2.01403,0.16681,0.494531,0.0399373,4.72988,0.237265
182,46,0.196934,0.0282374,0.303918,0.058019,0.095659,0.0351007,2.0029,0.165041,0.490046,0.0350092,4.56915,0.369573
183,25,0.292133,0.0288445,0.297981,0.0621206,0.0924974,0.0367171,1.86388,0.152245,0.511664,0.0423114,4.50811,0.351608
184,44,0.458703,0.05671,0.298148,0.061134,0.0925445,0.0367842,1.7385,0.105961,0.494989,0.0273851,4.51247,0.38983
185,10,0.612553,0.0442282,0.297844,0.059555,0.0919033,0.0374586,1.5672,0.0603838,0.476252,0.0178641,4.41226,0.292067
186,0,0,0,0,0,0,0,0,0,0,0,0,0
187,4,0.132047,0.0136767,0.448958,0.0420446,0.202889,0.037987,1.7512,0.14417,0.495993,0.0276227,4.88689,0.100503
188,45,0.208349,0.0300614,0.478219,0.0571621,0.231888,0.0560775,1.79834,0.148098,0.486209,0.0285124,4.57701,0.333141
189,25,0.296021,0.029292,0.511814,0.0557495,0.264937,0.0572309,1.72947,0.130038,0.492522,0.0255056,4.47379,0.371536
190,19,0.405898,0.054021,0.497545,0.0532085,0.250233,0.0534466,1.70019,0.0968601,0.482439,0.0200877,4.43513,0.318
191,2,0.587621,0.0182464,0.446751,0.027471,0.199963,0.0245454,1.61918,0.108283,0.472532,0.025293,4.84482,0.0533694
192,0,0,0,0,0,0,0,0,0,0,0,0,0
193,6,0.207818,0.027303,0.621759,0.0216114,0.386973,0.0273338,1.614,0.0891631,0.481098,0.0257731,4.81389,0.263611
194,6,0.308354,0.0272053,0.684998,0.0766083,0.474113,0.10712,1.60918,0.103416,0.471216,0.0116086,4.58939,0.307415
195,11,0.419888,0.046441,0.666195,0.0628094,0.447402,0.0862255,1.57769,0.0539768,0.479912,0.0197104,4.64403,0.299219
196,0,0,0,0,0,0,0,0,0,0,0,0,0
197,0,0,0,0,0,0,0,0,0,0,0,0,0
198,0,0,0,0,0,0,0,0,0,0,0,0,0
199,0,0,0,0,0,0,0,0,0,0,0,0,0
200,72,0.055994,0.0282439,0.188027,0.0107563,0.0354683,0.00385886,4.05764,0.34041,0.242843,0.0273379,5.65907,0.60457
201,10,0.211226,0.0305489,0.185007,0.0102196,0.0343215,0.00367325,3.489,0.068911,0.263768,0.00959166,5.2495,0.215897
202,5,0.298898,0.0246504,0.183,0.0146189,0.03366,0.00526206,3.49361,0.167801,0.256061,0.0233383,5.63296,0.42184
203,38,0.441628,0.057724,0.145778,0.0432029,0.0230685,0.0111344,3.25658,0.189469,0.251938,0.0166775,5.9553,0.637102
204,24,0.67419,0.0845763,0.115053,0.0523614,0.0158647,0.011383,2.50646,0.285638,0.246042,0.0210989,5.58172,0.360098
205,3483,0.0643028,0.017317,0.31479,0.0512656,0.10172,0.031816,4.25822,0.287453,0.226672,0.0281986,6.03406,0.756689
206,752,0.119501,0.0138195,0.336328,0.0467868,0.115302,0.0300989,4.07543,0.30123,0.23673,0.0264666,5.92413,0.737253
207,371,0.18923,0.0270863,0.332711,0.0509957,0.11329,0.032138,3.88657,0.281637,0.24231,0.0239949,5.87783,0.708245
208,156,0.297176,0.0287183,0.33228,0.0516941,0.113065,0.0323946,3.71009,0.234951,0.240275,0.0247618,5.9936,0.757316
209,183,0.433702,0.0557686,0.310376,0.0535884,0.0991892,0.0330357,3.39588,0.266438,0.233797,0.026005,5.87787,0.662834
210,71,0.654589,0.0824321,0.305544,0.0600425,0.0969114,0.0365524,2.70974,0.366148,0.23458,0.0257144,5.95942,0.711587
211,2279,0.0784361,0.0132096,0.476656,0.0537962,0.230093,0.0527322,4.12108,0.288901,0.223561,0.0291391,6.09679,0.787114
212,1647,0.121707,0.0145007,0.495938,0.0564958,0.249144,0.0564579,4.03289,0.311356,0.229027,0.027943,5.96498,0.757313
213,1197,0.189372,0.0274332,0.505343,0.0564978,0.258561,0.056785,3.91481,0.304638,0.232719,0.0271153,5.95278,0.76512
214,317,0.294447,0.0297206,0.513432,0.0537898,0.266497,0.0546612,3.70768,0.270855,0.233887,0.0267971,5.97604,0.726997
215,287,0.432367,0.0575579,0.509158,0.0592334,0.262738,0.0596792,3.38199,0.263614,0.234525,0.026905,6.05892,0.734832
216,70,0.665214,0.0924348,0.496994,0.0583394,0.250358,0.0581937,2.68013,0.412635,0.229948,0.0286303,6.12682,0.781439
217,1439,0.1159,0.0205252,0.708216,0.0903368,0.509725,0.137352,3.82805,0.319833,0.223163,0.0289836,6.085,0.787464
218,1562,0.193542,0.0285084,0.75818,0.108037,0.586501,0.168732,3.72851,0.326072,0.229595,0.0279841,6.02305,0.766171
219,731,0.294686,0.0296343,0.776401,0.113656,0.615699,0.180361,3.58452,0.288657,0.230715,0.0282618,6.0139,0.757796
220,584,0.426362,0.0561463,0.780782,0.111264,0.621979,0.176301,3.2924,0.308759,0.23045,0.027619,6.00183,0.7908
221,145,0.640952,0.0768113,0.806288,0.116208,0.663511,0.18701,2.63049,0.353531,0.229867,0.0274973,5.98387,0.712987
222,275,0.194071,0.0336376,1.12782,0.117108,1.28564,0.286239,3.25148,0.383762,0.224159,0.0291785,6.11861,0.81895
223,220,0.29887,0.0293868,1.17316,0.160687,1.402,0.41355,3.21761,0.368783,0.228461,0.0290991,6.11135,0.794689
224,344,0.492285,0.112462,1.20922,0.203251,1.5034,0.579924,2.8014,0.445392,0.22706,0.0276869,6.02642,0.755233
225,130,0.081719,0.0351881,0.179628,0.0164117,0.0325335,0.00565566,3.66559,0.292132,0.297351,0.0130932,6.16941,0.952168
226,41,0.192015,0.0274448,0.165678,0.0245224,0.028036,0.00765274,3.34728,0.167125,0.29887,0.0112638,5.59086,0.573277
227,22,0.30046,0.0273176,0.158984,0.0405856,0.0268482,0.0102832,3.22127,0.185156,0.299067,0.0107245,5.92197,0.845817
228,67,0.44012,0.0567773,0.132436,0.0456119,0.0195886,0.0109528,3.03963,0.23639,0.297257,0.0130903,6.4356,0.907403
229,25,0.627767,0.0770787,0.13118,0.0507093,0.0196769,0.0119035,2.57236,0.26583,0.292508,0.011819,6.65066,1.0079
230,1433,0.0688741,0.0168773,0.306669,0.0536795,0.0969253,0.0327862,3.84591,0.319606,0.294727,0.0126017,7.12005,1.06873
231,568,0.121175,0.0141181,0.321968,0.052464,0.106411,0.0326076,3.64891,0.283383,0.295677,0.012613,6.48831,0.992292
232,370,0.190454,0.0287258,0.317336,0.0528155,0.103484,0.0325755,3.53207,0.289289,0.297345,0.0122662,6.44617,1.01352
233,169,0.300006,0.0304539,0.31377,0.0543996,0.101394,0.0334541,3.32065,0.255866,0.296682,0.0119619,6.3982,0.968413
234,124,0.435123,0.0613297,0.294753,0.0584948,0.0902736,0.0351733,3.086,0.292212,0.295203,0.0134009,6.66442,1.09584
235,61,0.6503,0.0698935,0.313796,0.0572491,0.101692,0.0350209,2.44184,0.298311,0.299281,0.0137081,6.55205,1.05422
236,632,0.0810317,0.0123801,0.473188,0.0537334,0.22679,0.0525258,3.71598,0.29966,0.293959,0.0124238,7.40431,0.972339
237,749,0.122946,0.0137001,0.48912,0.0552955,0.242292,0.0549201,3.58729,0.337996,0.294626,0.0127373,6.82846,1.05739
238,689,0.192468,0.0288419,0.501175,0.0557528,0.25428,0.0557062,3.49102,0.312145,0.296475,0.0129975,6.72108,1.07402
239,234,0.291734,0.0285261,0.512031,0.0557702,0.265273,0.0567642,3.29387,0.280919,0.295635,0.0124658,6.54737,1.05405
240,161,0.429822,0.057329,0.50664,0.0583276,0.260065,0.0587629,3.01723,0.297177,0.297466,0.0124043,6.6658,1.09777
241,46,0.672477,0.0945013,0.477721,0.0542656,0.231098,0.0537773,2.37679,0.348165,0.292589,0.0110702,6.76366,1.09863
242,447,0.119321,0.0197373,0.70036,0.0875081,0.498145,0.131873,3.42373,0.33757,0.293494,0.0123447,7.41973,0.989309
243,650,0.195451,0.0293488,0.747418,0.106453,0.569949,0.165164,3.321,0.354343,0.294794,0.0125254,7.00527,1.08468
244,388,0.294762,0.0291051,0.770753,0.108275,0.605753,0.170539,3.1769,0.323088,0.295044,0.0123175,6.83248,1.11499
245,363,0.432087,0.0547048,0.783266,0.109388,0.625438,0.174013,2.91907,0.30836,0.294962,0.0130161,6.83515,1.11528
246,88,0.625443,0.0746394,0.78392,0.110022,0.626498,0.175007,2.36923,0.330163,0.295426,0.0124018,6.66125,1.15611
247,89,0.196324,0.0313175,1.09023,0.0833032,1.19546,0.19644,2.93857,0.375609,0.294126,0.0108121,7.61547,0.881315
248,82,0.301005,0.0276538,1.15032,0.133708,1.3409,0.333458,2.86758,0.375183,0.294966,0.0118764,7.31552,1.0739
249,131,0.479306,0.107497,1.16347,0.154352,1.37729,0.397119,2.50397,0.415475,0.29454,0.0120943,6.98022,1.13052
250,225,0.0943167,0.0308658,0.17382,0.0197151,0.0306003,0.0065206,3.37051,0.286794,0.345231,0.0154279,6.48176,1.02517
251,98,0.19134,0.0268381,0.157187,0.0344332,0.0258813,0.00960669,3.18758,0.228372,0.34617,0.0153824,6.27117,0.978129
252,73,0.292358,0.0284718,0.136743,0.0447567,0.0206743,0.0110157,2.99425,0.196016,0.345141,0.0141651,6.15433,0.809993
253,96,0.437006,0.056863,0.13242,0.0434807,0.0194059,0.0107706,2.81129,0.237166,0.345912,0.014894,6.77315,1.16827
254,26,0.622709,0.0560135,0.116739,0.0563965,0.0166862,0.0128971,2.37076,0.219122,0.346915,0.0172356,6.88248,1.05236
255,920,0.0724354,0.016348,0.299232,0.0536363,0.0924135,0.032385,3.47529,0.304457,0.340874,0.0155567,7.24406,1.08723
256,601,0.122917,0.0142301,0.314007,0.0549831,0.101619,0.0338559,3.35351,0.296966,0.343749,0.0157935,6.84697,1.10662
257,429,0.190818,0.0278745,0.310952,0.0566186,0.0998892,0.0346983,3.2174,0.267582,0.344516,0.0161177,6.62074,1.08359
258,172,0.291193,0.0277517,0.305047,0.0562313,0.096197,0.0339763,3.08496,0.26086,0.344379,0.0159433,6.75112,1.12095
259,155,0.433128,0.0588542,0.294642,0.0561347,0.0899449,0.0335726,2.78405,0.258848,0.345749,0.0152771,6.71739,1.07929
260,65,0.647432,0.0804007,0.311611,0.0535395,0.0999239,0.032539,2.2364,0.266332,0.342444,0.0153861,6.5944,1.08515
261,302,0.0834797,0.0116656,0.467118,0.0517437,0.220868,0.0501986,3.33829,0.309492,0.34032,0.0151889,7.61456,0.987596
262,594,0.123948,0.0145971,0.486279,0.0573873,0.239755,0.0569918,3.23084,0.33246,0.341834,0.0158489,7.05875,1.1294
263,655,0.192675,0.028369,0.498465,0.0564682,0.251651,0.0563939,3.15723,0.300392,0.342467,0.0150904,6.87514,1.12756
264,247,0.293582,0.0285209,0.508127,0.0562888,0.261349,0.0567749,2.97952,0.277897,0.343947,0.0157346,6.72699,1.13394
265,148,0.425622,0.0533063,0.507268,0.0618057,0.261115,0.0618128,2.77077,0.250016,0.342687,0.0168335,6.86357,1.06396
266,55,0.668511,0.0950371,0.495839,0.0539905,0.248718,0.0535244,2.15259,0.329658,0.344716,0.0149371,6.86489,1.07796
267,228,0.12625,0.0168118,0.689223,0.08178,0.481687,0.121527,3.02176,0.342493,0.341673,0.0156173,7.57174,1.02148
268,508,0.197208,0.0277554,0.742134,0.105567,0.561885,0.164281,2.9507,0.354139,0.343185,0.015712,7.24004,1.11327
269,303,0.299183,0.0298616,0.754564,0.110736,0.581589,0.173446,2.84564,0.324176,0.342511,0.015433,7.00375,1.16179
270,259,0.429737,0.055957,0.779058,0.111779,0.619378,0.177586,2.56547,0.297975,0.343309,0.01559,6.75931,1.17784
271,69,0.638258,0.0638757,0.768714,0.0959904,0.600002,0.14803,2.07902,0.23728,0.342716,0.0173779,6.59232,1.06719
272,34,0.204922,0.0272456,1.12052,0.128605,1.27162,0.320378,2.39482,0.326304,0.342641,0.0146526,7.80389,0.836817
273,57,0.301262,0.030455,1.12527,0.106455,1.27736,0.255497,2.37773,0.420625,0.34427,0.01535,7.17615,1.15927
274,94,0.492053,0.09243,1.16243,0.145087,1.37207,0.358128,2.16785,0.348397,0.341611,0.0152208,7.11793,1.0599
275,324,0.099887,0.0280376,0.159196,0.0299482,0.0262374,0.00895309,3.03961,0.276806,0.409657,0.023606,6.86775,1.0968
276,190,0.194797,0.0286949,0.140327,0.0422597,0.021468,0.0109452,2.84304,0.262321,0.411534,0.0221874,6.47234,1.06967
277,121,0.303243,0.0286435,0.130311,0.0512093,0.0195818,0.012399,2.72924,0.235721,0.41337,0.0243423,6.81848,1.0641
278,132,0.431956,0.0549583,0.132168,0.0448264,0.0194624,0.0112004,2.46251,0.226446,0.410617,0.0232279,6.55482,1.04368
279,26,0.648589,0.0830272,0.121026,0.0529098,0.0173391,0.0124043,2.04032,0.252922,0.414363,0.0246878,7.02888,1.35285
280,528,0.0785795,0.0147736,0.292344,0.0550706,0.0884923,0.0326789,3.07875,0.288358,0.404022,0.0219763,7.489,1.04472
281,536,0.123263,0.0143552,0.309055,0.0544151,0.0984702,0.0330936,2.94083,0.27575,0.409732,0.0220725,7.00207,1.09179
282,502,0.190348,0.0278822,0.306001,0.0567874,0.0968547,0.0343287,2.84743,0.264278,0.411949,0.0232616,6.86006,1.14396
283,197,0.296239,0.0286791,0.309983,0.0567599,0.0992948,0.0345505,2.71267,0.252943,0.412095,0.0237898,6.92167,1.1519
284,180,0.446737,0.0613529,0.293523,0.0570243,0.0893896,0.0339142,2.42367,0.248055,0.411213,0.0241614,6.72158,1.10876
285,83,0.641846,0.0766529,0.306313,0.0537428,0.0966814,0.0322873,2.01625,0.245378,0.411454,0.0237334,6.84415,1.18569
286,124,0.0854569,0.0107716,0.461204,0.0518645,0.215377,0.0498406,2.90805,0.299523,0.401775,0.0221399,7.90477,0.920617
287,392,0.126537,0.013586,0.485328,0.0556609,0.238634,0.0550981,2.80972,0.308973,0.406977,0.023057,7.33093,1.08173
288,601,0.194225,0.0285515,0.492899,0.0554637,0.246021,0.0551122,2.72742,0.28224,0.409276,0.0232441,6.96669,1.13603
289,271,0.29452,0.0262817,0.502805,0.057017,0.256052,0.0573079,2.61849,0.248297,0.408779,0.0230925,6.8847,1.1162
290,180,0.425605,0.0549832,0.499371,0.0615881,0.253144,0.0615889,2.40105,0.24352,0.409335,0.0239512,6.80521,1.10767
291,60,0.653094,0.0639353,0.491962,0.0535794,0.244849,0.0534104,1.95562,0.206286,0.412254,0.0212917,7.0664,1.11443
292,91,0.12459,0.0172424,0.669346,0.073553,0.453375,0.108011,2.58114,0.284792,0.40184,0.0214354,7.78996,0.958983
293,336,0.199807,0.0288212,0.731457,0.101179,0.545236,0.156572,2.48849,0.337633,0.406134,0.0227167,7.28342,1.10327
294,292,0.300496,0.0284843,0.742269,0.0991705,0.560764,0.154112,2.42678,0.299038,0.408285,0.0228328,7.06393,1.1204
295,263,0.425816,0.0538824,0.774033,0.110097,0.611202,0.174156,2.22934,0.274693,0.409069,0.0225955,6.93086,1.12219
296,70,0.632692,0.0600631,0.778004,0.122195,0.620009,0.194046,1.85898,0.218318,0.408549,0.0241086,7.08446,1.08154
297,21,0.215558,0.0206305,1.08665,0.082184,1.18725,0.191297,1.95688,0.258589,0.399125,0.0224095,7.81981,0.652474
298,31,0.309694,0.0297552,1.09356,0.0911053,1.20391,0.212894,2.05868,0.314051,0.397371,0.0190832,7.39402,1.08651
299,67,0.484818,0.0915988,1.12275,0.0957568,1.2696,0.221221,1.88047,0.231212,0.4034,0.0221485,7.46099,0.950297
300,264,0.108749,0.0257706,0.138029,0.0383474,0.020517,0.0101861,2.57461,0.253316,0.510371,0.0383253,7.2206,1.08226
301,282,0.196751,0.0287789,0.119714,0.0493526,0.0167585,0.0111784,2.40416,0.23373,0.516922,0.0388802,6.82536,1.06366
302,166,0.295532,0.028342,0.124118,0.048695,0.0177622,0.0115188,2.27196,0.227005,0.514009,0.0410968,6.70224,1.13067
303,132,0.429494,0.0543345,0.128618,0.0450678,0.0185583,0.0108619,2.14001,0.225109,0.500336,0.0378454,6.77906,1.0542
304,33,0.6034,0.0371388,0.134145,0.0416626,0.0196781,0.0105015,1.83395,0.19397,0.499771,0.0327619,6.70303,1.24883
305,161,0.0819676,0.0129261,0.287326,0.0540963,0.0854643,0.0318458,2.53168,0.267638,0.500588,0.0370552,7.67749,0.975996
306,298,0.124406,0.0140902,0.303607,0.0562972,0.0953358,0.033858,2.46227,0.269748,0.505674,0.0372492,7.28241,1.03564
307,404,0.191726,0.0284706,0.306317,0.0581317,0.097201,0.0351676,2.37781,0.250281,0.509864,0.0396849,7.05011,1.08103
308,178,0.299411,0.0283246,0.296308,0.0584726,0.0911981,0.0349603,2.23522,0.22128,0.516764,0.0403277,6.96726,1.04146
309,215,0.439304,0.057135,0.293488,0.0550402,0.0891508,0.0326703,2.03278,0.235484,0.512955,0.0399858,6.75819,1.14645
310,57,0.611692,0.046423,0.31295,0.0562372,0.101045,0.0347671,1.77923,0.178888,0.507728,0.0357004,6.95016,1.08216
311,21,0.0902542,0.0087421,0.433436,0.0280615,0.188617,0.0247514,2.32587,0.210748,0.496113,0.030884,7.87871,0.811573
312,176,0.126244,0.0148999,0.473836,0.0504857,0.227055,0.0493088,2.26108,0.29428,0.503679,0.0384586,7.57367,0.986014
313,404,0.194032,0.0276511,0.487418,0.055419,0.24064,0.0550184,2.18722,0.282407,0.510736,0.0408893,7.06674,1.10545
314,179,0.288371,0.0285601,0.49464,0.056999,0.2479,0.0569081,2.16339,0.272456,0.509932,0.0408467,7.1083,1.10501
315,127,0.430395,0.0585283,0.501673,0.0597924,0.255223,0.0601179,1.97211,0.220155,0.516647,0.0416619,7.13648,1.13193
316,47,0.625034,0.0498249,0.488745,0.0569502,0.242046,0.057076,1.7245,0.1532,0.499874,0.0364021,7.14309,1.02761
317,23,0.133344,0.0127164,0.665299,0.0642807,0.446575,0.0908309,1.95662,0.239464,0.489599,0.0330321,7.85381,0.857198
318,136,0.209064,0.0280647,0.6953,0.0746063,0.488968,0.1105,1.95541,0.252632,0.504028,0.0366317,7.40095,0.992463
319,181,0.297135,0.0287604,0.723573,0.090655,0.531731,0.137632,1.95861,0.267786,0.499647,0.0352811,7.20803,1.13354
320,154,0.423608,0.0515483,0.759592,0.108014,0.588572,0.166054,1.81793,0.205588,0.508383,0.0355176,7.31482,1.00333
321,27,0.604445,0.0460183,0.755923,0.102564,0.58155,0.162428,1.65362,0.136831,0.49353,0.0320986,7.49966,1.09672
322,1,0.239713,0,1.01886,0,1.03808,0,1.9081,0,0.464545,0,8.69552,0
323,3,0.310317,0.0288865,1.04136,0.0186371,1.08466,0.0386163,1.53283,0.0103893,0.49577,0.0360622,7.81263,0.882014
324,9,0.442063,0.0476581,1.06453,0.0393647,1.13461,0.0835247,1.67864,0.17462,0.472622,0.0209118,7.7761,0.68573
325,40,0.11104,0.0210422,0.0986543,0.0368065,0.0110535,0.00764449,2.00901,0.125015,0.644192,0.0321752,7.17795,1.03948
326,53,0.199788,0.0305112,0.118183,0.0504502,0.0164644,0.0117418,1.98409,0.123899,0.638142,0.030094,7.31874,0.954816
327,40,0.297069,0.0307743,0.127357,0.0559558,0.0192725,0.0126998,1.87062,0.129267,0.640455,0.0324316,7.25054,1.01385
328,28,0.43311,0.0513765,0.122481,0.044744,0.0169321,0.0101529,1.73904,0.109784,0.632493,0.0223196,7.21499,1.00657
329,3,0.555824,0.00437216,0.166931,0.0379201,0.0288246,0.0120536,1.58935,0.0788856,0.635997,0.0145473,7.51075,1.04293
330,15,0.0882697,0.00902054,0.276033,0.0467787,0.0782368,0.0266616,1.92714,0.228143,0.638097,0.0280941,8.07997,0.870988
331,34,0.127164,0.013035,0.288803,0.0562629,0.0864797,0.0331455,1.93313,0.211448,0.635572,0.0281817,7.72605,0.995666
332,73,0.194097,0.0262008,0.303852,0.0608838,0.0959821,0.0364336,1.9081,0.172458,0.633399,0.0278018,7.52211,0.963509
333,38,0.297445,0.027572,0.301288,0.0507577,0.0932829,0.0302382,1.82267,0.1434,0.644158,0.0336728,7.63828,1.10118
334,30,0.413174,0.0463649,0.27704,0.0583246,0.0800393,0.0346068,1.71927,0.130501,0.630373,0.0224041,7.16799,1.05559
335,1,0.606638,0,0.34221,0,0.117108,0,1.50294,0,0.602014,0,6.85342,0
336,1,0.0987083,0,0.449121,0,0.20171,0,1.60683,0,0.643649,0,8.92788,0
337,7,0.138802,0.0104331,0.444822,0.0375662,0.199076,0.0340324,1.72306,0.131194,0.624634,0.0201733,7.69358,1.09153
338,39,0.19631,0.0298455,0.480719,0.0534456,0.233874,0.0521291,1.7417,0.154534,0.628693,0.0257988,7.78151,0.879649
339,28,0.299203,0.0273842,0.486305,0.0654676,0.240625,0.0644539,1.65751,0.136076,0.640197,0.0231835,7.43279,0.943627
340,11,0.430922,0.0360653,0.48594,0.0663394,0.240138,0.0659951,1.65103,0.111627,0.632391,0.0257956,7.93623,0.604942
341,0,0,0,0,0,0,0,0,0,0,0,0,0
342,0,0,0,0,0,0,0,0,0,0,0,0,0
343,8,0.203025,0.0248559,0.642705,0.0170547,0.413324,0.0218721,1.57418,0.04419,0.617799,0.0137563,8.34858,0.424989
344,10,0.292674,0.0306312,0.645392,0.0384328,0.41786,0.0502161,1.59535,0.0893059,0.631054,0.0252399,8.27558,0.608891
345,3,0.402909,0.035451,0.666893,0.0487612,0.446332,0.0654396,1.54327,0.0439096,0.619879,0.009612,7.93287,1.02172
346,0,0,0,0,0,0,0,0,0,0,0,0,0
347,0,0,0,0,0,0,0,0,0,0,0,0,0
348,0,0,0,0,0,0,0,0,0,0,0,0,0
349,0,0,0,0,0,0,0,0,0,0,0,0,0
350,7,0.068844,0.0473067,0.190548,0.00854394,0.0363712,0.00322163,3.94029,0.141468,0.359989,0.0137666,9.56353,0.35665
351,1,0.238673,0,0.187564,0,0.0351803,0,3.66047,0,0.362876,0,9.54659,0
352,0,0,0,0,0,0,0,0,0,0,0,0,0
353,13,0.458689,0.0480473,0.151274,0.0371182,0.0241557,0.0102636,3.2429,0.146521,0.348155,0.0167765,9.65477,0.635613
354,2,0.633686,0.0314973,0.137474,0.0760142,0.0217883,0.0209,2.74761,0.0923028,0.331207,0.0316776,9.15334,0.192665
355,518,0.0620583,0.0175707,0.315905,0.0525439,0.102552,0.0325277,4.04567,0.172084,0.340531,0.0211723,9.73673,0.545525
356,102,0.118128,0.0137133,0.343603,0.0451829,0.120085,0.0293863,3.97289,0.164367,0.34613,0.0199514,9.6657,0.439583
357,69,0.189086,0.031065,0.342025,0.0489006,0.119338,0.0313621,3.8878,0.15303,0.343237,0.0192364,9.66391,0.502752
358,22,0.293608,0.0328882,0.322687,0.0468278,0.10622,0.0292959,3.67158,0.116754,0.344385,0.0177745,9.70314,0.422799
359,38,0.422324,0.0497312,0.291501,0.0631645,0.0888573,0.0378108,3.32744,0.197096,0.345505,0.0219974,9.57285,0.507176
360,7,0.699853,0.0830273,0.298477,0.0719145,0.0935213,0.0445214,2.51937,0.332929,0.338836,0.0232043,9.88923,0.735213
361,312,0.0762728,0.0128967,0.476245,0.0548955,0.229813,0.0541284,3.83708,0.188893,0.341648,0.020416,9.79194,0.574073
362,230,0.122291,0.0148115,0.498109,0.0595776,0.251647,0.0596883,3.87933,0.184304,0.340786,0.0210386,9.71835,0.592485
363,139,0.186847,0.0281279,0.503566,0.0549723,0.256579,0.0553948,3.78755,0.164016,0.347112,0.0196786,9.81143,0.525161
364,53,0.294922,0.027376,0.493534,0.0561763,0.246672,0.0562292,3.60842,0.142692,0.345366,0.0198841,9.78391,0.549182
365,50,0.430681,0.0581122,0.484765,0.0550157,0.237964,0.0548318,3.30799,0.18455,0.341726,0.0198585,9.7793,0.489999
366,17,0.658252,0.103223,0.48144,0.0575549,0.234902,0.0569264,2.56985,0.371307,0.344928,0.0239896,9.80921,0.571028
367,228,0.116125,0.0216418,0.712636,0.0926724,0.516401,0.139955,3.53601,0.260998,0.339981,0.0199354,9.76115,0.601637
368,216,0.197926,0.0274456,0.761143,0.103841,0.590072,0.161401,3.55836,0.220097,0.342089,0.0202281,9.75775,0.53188
369,101,0.300428,0.0279168,0.782456,0.111681,0.624586,0.177963,3.40369,0.173384,0.345672,0.0194137,9.77744,0.581233
370,80,0.427326,0.0528313,0.794926,0.118027,0.645663,0.189729,3.14756,0.186491,0.343986,0.0198058,9.77895,0.60042
371,20,0.661371,0.100001,0.827777,0.115829,0.69796,0.185144,2.39715,0.379235,0.343463,0.0228134,9.57477,0.61507
372,35,0.195509,0.0344657,1.16874,0.126022,1.38138,0.303216,2.82806,0.394917,0.340018,0.0200337,9.69464,0.530493
373,33,0.30917,0.0295879,1.17289,0.170504,1.40386,0.431233,2.98817,0.346069,0.340848,0.0202028,9.70115,0.499982
374,63,0.48863,0.115416,1.22819,0.189406,1.54376,0.503243,2.62912,0.342808,0.345067,0.0181759,9.98922,0.642758
375,74,0.0689161,0.0301849,0.180578,0.0200484,0.033005,0.00593471,3.57869,0.196922,0.424074,0.0207952,10.1931,0.887294
376,12,0.187079,0.0272388,0.172342,0.0179412,0.0299967,0.00603078,3.41445,0.132152,0.426588,0.0196936,10.1359,0.77791
377,22,0.299458,0.0343471,0.141919,0.0397387,0.0216484,0.0109846,3.20227,0.161836,0.42403,0.021762,10.0472,0.9426
378,35,0.4296,0.0532751,0.130924,0.0489207,0.0194661,0.01171,2.98017,0.198012,0.413817,0.0236618,10.0896,0.866113
379,13,0.628868,0.0859861,0.137238,0.0393939,0.0202667,0.0105354,2.45177,0.291551,0.423829,0.01665,10.6222,0.891158
380,716,0.0665136,0.0173008,0.304847,0.0540339,0.0958473,0.0328815,3.65099,0.223522,0.410636,0.0224765,10.7618,1.01888
381,246,0.120428,0.0152053,0.320854,0.0530205,0.105747,0.0328586,3.55628,0.215612,0.41542,0.0223052,10.3941,0.974453
382,161,0.195176,0.0268213,0.321898,0.0552462,0.106652,0.0346645,3.4529,0.198376,0.416203,0.022265,10.4111,1.07779
383,73,0.294779,0.0293678,0.313852,0.0579298,0.101813,0.03561,3.26731,0.1981,0.419329,0.0221357,10.514,1.16523
384,88,0.427237,0.0558858,0.304783,0.0543763,0.095816,0.0327609,2.99905,0.222777,0.415215,0.0218698,10.4819,1.02462
385,26,0.667372,0.104346,0.302817,0.0616092,0.0953476,0.0376581,2.27961,0.339184,0.415983,0.0251598,10.1527,0.906286
386,350,0.0794454,0.0133642,0.475289,0.0543265,0.228842,0.0532703,3.42333,0.246763,0.409398,0.0230769,10.7965,0.999986
387,343,0.122858,0.0152939,0.493597,0.0589475,0.247103,0.0589958,3.44096,0.239618,0.410852,0.0228454,10.5791,1.02832
388,278,0.191301,0.0279021,0.504858,0.0575464,0.258181,0.0579995,3.36076,0.225412,0.413488,0.0236543,10.4294,0.954293
389,96,0.295566,0.0291508,0.51689,0.059962,0.270734,0.0605063,3.17962,0.183534,0.412923,0.0226091,10.2791,0.955857
390,75,0.441415,0.053961,0.489339,0.0591869,0.242909,0.059317,2.94148,0.25251,0.414124,0.0212837,10.681,1.08102
391,26,0.660756,0.0956653,0.49275,0.0614916,0.246438,0.0608888,2.33063,0.359022,0.404482,0.0236523,10.2928,0.888038
392,215,0.118359,0.019874,0.701602,0.0866126,0.499712,0.129775,3.0795,0.306073,0.411275,0.0234145,10.7144,1.03774
393,300,0.192791,0.0279588,0.758096,0.109292,0.586614,0.1718,3.12684,0.261599,0.410196,0.0225986,10.5917,0.983741
394,181,0.294702,0.0280528,0.778713,0.110057,0.618439,0.173568,3.01588,0.233289,0.412185,0.0228061,10.4749,1.0507
395,140,0.415558,0.0490919,0.790052,0.107135,0.635578,0.17035,2.83233,0.227317,0.411235,0.0230951,10.5843,1.00765
396,35,0.652763,0.0845778,0.786932,0.103802,0.629729,0.165059,2.24172,0.289042,0.408906,0.0228804,10.6788,1.06986
397,37,0.190653,0.0360454,1.10772,0.106369,1.23805,0.248211,2.44783,0.426488,0.408887,0.0218599,10.7443,0.911972
398,32,0.300843,0.029254,1.14102,0.1383,1.32046,0.348131,2.52304,0.395998,0.415736,0.021866,10.4903,0.963766
399,64,0.47759,0.109432,1.18886,0.137646,1.43203,0.337,2.30599,0.339744,0.4111,0.0236113,10.5447,1.05783
400,183,0.0912181,0.0309646,0.160709,0.0292769,0.0266798,0.00870267,2.99095,0.255095,0.52488,0.0414196,10.5285,0.996983
401,79,0.19452,0.0303624,0.145237,0.0407206,0.0227308,0.0106342,2.85139,0.243137,0.525602,0.0385325,10.302,1.06317
402,37,0.298804,0.0251788,0.148232,0.0414178,0.0236418,0.0107103,2.69847,0.235347,0.536361,0.0434781,10.8619,1.00744
403,53,0.432106,0.054944,0.130083,0.0528019,0.0196569,0.0116804,2.49933,0.20107,0.519157,0.0397622,10.5503,1.02393
404,12,0.636039,0.0766909,0.119748,0.0488082,0.0165234,0.0105442,2.02163,0.294431,0.530172,0.0422466,10.5946,1.28466
405,437,0.0741564,0.0156873,0.297853,0.0544656,0.0916763,0.0327866,3.01064,0.298407,0.506574,0.0396259,10.9283,1.07657
406,273,0.122454,0.0149165,0.30739,0.0585047,0.0978988,0.0355131,2.95142,0.282081,0.515545,0.0409896,10.7347,1.1197
407,226,0.187549,0.0263803,0.30667,0.0568175,0.0972606,0.0344424,2.91188,0.283066,0.512673,0.0398331,10.6975,1.14046
408,76,0.295537,0.029131,0.302122,0.0570867,0.0944934,0.0344443,2.75145,0.259638,0.513663,0.0395805,10.6582,1.04631
409,107,0.439569,0.0576653,0.297101,0.0558437,0.0913586,0.033568,2.48993,0.239275,0.512631,0.0420232,10.6358,1.21013
410,26,0.656698,0.0887184,0.322617,0.0551353,0.107004,0.0338827,1.9995,0.306762,0.519814,0.0442324,10.9688,1.09948
411,171,0.0829275,0.0114171,0.470137,0.0540448,0.223933,0.0528958,2.78573,0.347498,0.501223,0.0380739,11.2307,1.12246
412,237,0.123656,0.0140127,0.489699,0.0543986,0.242752,0.0540542,2.81813,0.322115,0.505652,0.0386426,10.9532,1.14089
413,292,0.192889,0.0287198,0.49928,0.0572417,0.252546,0.0573537,2.75848,0.286744,0.512054,0.0407744,10.7329,1.10043
414,117,0.291606,0.0279655,0.500311,0.0587078,0.253728,0.0587784,2.60818,0.29076,0.522375,0.0457187,10.7262,1.14673
415,95,0.433941,0.0553828,0.503771,0.0603816,0.257393,0.0610349,2.41361,0.2832,0.51474,0.0389841,10.6417,1.21441
416,35,0.621142,0.0650075,0.509594,0.0519559,0.262308,0.0519471,2.00777,0.23002,0.513896,0.0379934,10.5422,1.17244
417,104,0.123523,0.0184235,0.696578,0.0870571,0.492727,0.131096,2.4176,0.401505,0.500274,0.0365527,11.1386,1.18802
418,224,0.202481,0.0287564,0.735238,0.108543,0.552305,0.168291,2.48297,0.383919,0.50827,0.0400928,10.9575,1.15203
419,138,0.290081,0.026806,0.757751,0.109409,0.586071,0.171742,2.46045,0.311216,0.510618,0.0378382,10.9613,1.06861
420,120,0.431893,0.0555947,0.774546,0.115907,0.613245,0.183379,2.21098,0.294857,0.521875,0.0410859,10.872,1.14882
421,36,0.644974,0.0756166,0.761156,0.113483,0.591878,0.178792,1.81934,0.19623,0.508445,0.042214,10.517,1.04994
422,13,0.213291,0.0239026,1.07353,0.0540203,1.15516,0.117151,2.12273,0.215906,0.485237,0.0231617,11.6075,1.2239
423,27,0.303245,0.0245419,1.10516,0.092745,1.22967,0.209054,1.93789,0.312013,0.498439,0.0379341,10.5277,1.01711
424,45,0.474812,0.0931159,1.14617,0.10817,1.32515,0.262985,1.86385,0.228909,0.499558,0.0357747,11.0874,1.22098
425,73,0.108307,0.0279519,0.135525,0.0369339,0.0197125,0.00969156,2.3216,0.221911,0.656047,0.0427173,10.5948,1.04869
426,53,0.192891,0.0281306,0.119365,0.0499521,0.0166962,0.0117642,2.1878,0.241231,0.674426,0.0493649,10.6671,1.17781
427,28,0.303416,0.0292382,0.123123,0.0391777,0.0166394,0.00950931,2.12813,0.234069,0.660779,0.0478914,10.7817,1.23969
428,26,0.417917,0.0539771,0.136582,0.0410985,0.0202787,0.0105764,1.94873,0.183136,0.664719,0.040983,10.7414,1.0238
429,0,0,0,0,0,0,0,0,0,0,0,0,0
430,57,0.080375,0.0109983,0.300709,0.0579925,0.0937303,0.0351252,2.13973,0.258441,0.656301,0.0359376,11.1527,1.17973
431,71,0.123337,0.0144164,0.30666,0.0574028,0.0972892,0.0343752,2.16412,0.257756,0.662055,0.0490826,10.9138,1.071
432,81,0.190904,0.0282769,0.302937,0.0585932,0.0951617,0.0354289,2.16322,0.231597,0.659709,0.0427523,10.8385,1.16376
433,33,0.289828,0.032243,0.288034,0.0582205,0.0862504,0.0348686,2.05859,0.185,0.664552,0.0380473,10.7278,1.20562
434,41,0.447212,0.0525559,0.310251,0.0564353,0.099363,0.034212,1.89317,0.203352,0.658268,0.0484136,10.9661,1.27643
435,8,0.595545,0.0245422,0.287033,0.0467681,0.0843019,0.0264593,1.65201,0.115058,0.666142,0.0332061,11.0237,0.884227
436,9,0.0897852,0.00748918,0.480675,0.0502281,0.233291,0.0476015,1.98579,0.183348,0.632348,0.0172876,12.0194,0.862101
437,45,0.128373,0.0126099,0.470345,0.0477434,0.223454,0.0464253,1.99553,0.240241,0.654286,0.0417352,11.4775,1.03013
438,80,0.191726,0.0283872,0.488526,0.0585786,0.242047,0.0582699,2.01146,0.227784,0.652219,0.039494,11.031,1.13269
439,32,0.292279,0.0288515,0.493717,0.0638599,0.247707,0.0636665,1.97313,0.223443,0.6515,0.0378699,10.8991,1.2681
440,34,0.436919,0.062182,0.499187,0.0619605,0.252914,0.0609611,1.80423,0.207949,0.661003,0.0381483,11.0869,1.15067
441,4,0.60576,0.0383629,0.531933,0.0291211,0.283589,0.0314409,1.68025,0.129454,0.642075,0.0340068,12.1488,0.893374
442,3,0.138624,0.00261203,0.645515,0.0486047,0.418265,0.0636144,1.64099,0.0659796,0.652592,0.019017,11.8472,0.258095
443,31,0.192998,0.0310918,0.680564,0.0578931,0.466411,0.0804477,1.84072,0.187269,0.631515,0.0252209,11.4595,0.97241
444,32,0.299369,0.0288039,0.707989,0.0874271,0.508652,0.132081,1.79971,0.168396,0.642929,0.0369569,11.2276,1.06488
445,19,0.426707,0.0646997,0.702933,0.0639967,0.497994,0.0910783,1.70347,0.165525,0.647102,0.0309943,11.1716,1.21186
446,3,0.588956,0.0425594,0.713095,0.093049,0.514277,0.137704,1.55889,0.0431738,0.624576,0.0151504,10.9632,1.21058
447,0,0,0,0,0,0,0,0,0,0,0,0,0
448,0,0,0,0,0,0,0,0,0,0,0,0,0
449,0,0,0,0,0,0,0,0,0,0,0,0,0
450,20,0.0764122,0.0382734,0.179875,0.0212457,0.032784,0.00681146,3.25206,0.198003,0.553123,0.0298068,14.2035,0.949258
451,8,0.200477,0.0270261,0.159607,0.0302352,0.0262744,0.00899405,3.19361,0.219469,0.538332,0.0337845,13.9364,0.495134
452,10,0.294401,0.0293091,0.158225,0.0331378,0.0260234,0.0100692,3.00202,0.239504,0.541149,0.0397248,13.8922,0.768614
453,13,0.451779,0.0448856,0.112509,0.0527071,0.0152225,0.0121166,2.734,0.192798,0.540482,0.029889,14.5116,0.849415
454,6,0.65747,0.0945158,0.152484,0.0334412,0.0241832,0.0102406,2.20753,0.365772,0.550375,0.0221413,15.1785,1.87271
455,219,0.066101,0.0164232,0.308359,0.0583189,0.0984708,0.0352817,3.37786,0.282313,0.515699,0.0434321,14.2883,1.10706
456,62,0.122118,0.0148137,0.324905,0.0532533,0.108354,0.0330379,3.30678,0.279778,0.528029,0.0448099,14.183,0.836459
457,51,0.196029,0.0302153,0.322125,0.0549463,0.106725,0.0342272,3.2309,0.294942,0.528172,0.0478349,14.225,1.13468
458,26,0.286913,0.0229554,0.308474,0.0538428,0.0979438,0.0325311,3.05451,0.225863,0.535446,0.0411637,14.402,1.0799
459,23,0.431418,0.0606837,0.313372,0.0506721,0.100658,0.0318648,2.75134,0.258426,0.531385,0.0467694,14.0718,0.896626
460,11,0.68484,0.0876462,0.32372,0.0470753,0.106809,0.0305567,2.08708,0.223127,0.532324,0.056777,14.2146,0.865968
461,134,0.0785485,0.0132901,0.468029,0.0511417,0.221647,0.0499036,3.16488,0.327459,0.510622,0.0451996,14.201,1.00403
462,90,0.121735,0.014113,0.490244,0.0582099,0.24369,0.0581395,3.22267,0.276216,0.511056,0.0447939,14.0504,0.975605
463,82,0.190913,0.0280397,0.504984,0.0563471,0.258145,0.0568057,3.12366,0.254331,0.525177,0.0453687,14.2752,1.13883
464,38,0.288406,0.0279628,0.493267,0.0626329,0.247132,0.0627539,3.01938,0.278682,0.5258,0.0498915,14.3744,1.2821
465,23,0.439514,0.0593832,0.491783,0.058313,0.245103,0.0581797,2.73927,0.233045,0.518618,0.0374916,14.108,0.825936
466,5,0.668787,0.0148478,0.516769,0.0437131,0.268579,0.0443778,2.05806,0.135914,0.539188,0.033872,13.9471,1.04262
467,85,0.11811,0.0198049,0.694875,0.0847107,0.489943,0.125999,2.80324,0.385212,0.51812,0.0480901,14.4148,1.14925
468,106,0.193731,0.0279546,0.747672,0.0990946,0.56874,0.153874,2.8759,0.315192,0.519508,0.0444986,14.3127,1.18685
469,63,0.292113,0.0294672,0.783413,0.117011,0.627211,0.186285,2.79524,0.321104,0.518793,0.0470283,14.1445,0.862819
470,36,0.429129,0.055717,0.796121,0.108432,0.64524,0.173228,2.47875,0.341668,0.536008,0.0510722,14.0382,0.725884
471,14,0.655572,0.0720154,0.788044,0.122804,0.635017,0.195721,1.94718,0.26912,0.543182,0.0442875,14.3838,1.21968
472,17,0.210855,0.0218444,1.1132,0.0875704,1.24642,0.198432,2.25182,0.417087,0.513994,0.0454786,14.5409,1.14362
473,18,0.294538,0.0301075,1.16107,0.12575,1.36302,0.305177,2.30066,0.4185,0.515584,0.0482548,14.4659,1.11052
474,14,0.504183,0.0929031,1.1686,0.119709,1.37894,0.287927,2.0321,0.356306,0.521934,0.0425102,14.05,0.887424
475,48,0.0859524,0.0260849,0.15826,0.0304623,0.0259548,0.00907147,2.54221,0.298322,0.69167,0.0624013,15.4212,1.92047
476,24,0.200839,0.031921,0.130447,0.0484529,0.0192663,0.0118912,2.35306,0.281554,0.71429,0.0616979,15.5186,1.87607
477,10,0.301114,0.0277989,0.129059,0.04395,0.0183947,0.0112172,2.47331,0.153321,0.671183,0.050171,16.2381,2.7117
478,19,0.424582,0.0433153,0.135212,0.053892,0.0210338,0.0128194,2.24294,0.219665,0.663059,0.0445544,15.058,1.81918
479,1,0.716544,0,0.182875,0,0.0334433,0,1.63432,0,0.644672,0,13.427,0
480,110,0.0697261,0.015559,0.294776,0.0587244,0.0903101,0.0350018,2.61244,0.333467,0.659633,0.0472751,16.2104,1.91334
481,56,0.123844,0.0152351,0.305117,0.0601073,0.0966447,0.036267,2.44412,0.370293,0.687836,0.06118,15.5357,1.94289
482,61,0.1997,0.0306151,0.306604,0.0629653,0.0979059,0.0381401,2.40957,0.327316,0.687836,0.0580434,15.5666,1.96127
483,29,0.29481,0.0270442,0.306158,0.0598229,0.0971884,0.0373731,2.32003,0.356939,0.69606,0.0631947,16.3246,2.19765
484,44,0.433321,0.0590517,0.316704,0.0522709,0.102972,0.0321176,2.14061,0.289151,0.680862,0.0628579,15.7383,1.99374
485,4,0.614456,0.0421753,0.295788,0.0534012,0.0896294,0.0326951,1.8008,0.168322,0.692865,0.0612232,16.5365,2.91019
486,56,0.0793988,0.0130786,0.465036,0.0511315,0.218826,0.0494356,2.34009,0.347103,0.653472,0.0431836,16.6817,2.15471
487,66,0.12423,0.0122678,0.486096,0.0586798,0.23968,0.0578371,2.29922,0.404475,0.671206,0.058806,15.9257,2.10731
488,70,0.191856,0.0296095,0.505649,0.0600457,0.259235,0.0601858,2.27819,0.348627,0.673483,0.0551075,15.2401,1.83196
489,12,0.284902,0.022712,0.509275,0.0622634,0.262914,0.0633349,2.12606,0.330112,0.68844,0.0527508,14.7358,1.034
490,23,0.438173,0.0583443,0.51199,0.0478739,0.264326,0.049246,2.12501,0.243738,0.665022,0.0491105,15.8869,1.93582
491,9,0.610982,0.060554,0.507913,0.0461597,0.25987,0.0475868,1.81098,0.196984,0.670366,0.0384116,16.3531,2.16406
492,25,0.116973,0.0218077,0.6815,0.0735181,0.46963,0.107087,2.09235,0.282149,0.64734,0.0301134,17.3314,1.62465
493,63,0.195054,0.0281877,0.720097,0.0939733,0.527231,0.142738,2.1388,0.293604,0.653728,0.0443086,16.0149,2.05831
494,29,0.296202,0.0260217,0.773505,0.107994,0.609571,0.173333,2.00485,0.262556,0.655285,0.0403073,14.9103,1.65826
495,27,0.415827,0.0466713,0.79466,0.116587,0.644574,0.185966,1.89967,0.199708,0.658424,0.0460306,15.2936,1.65822
496,5,0.655201,0.0279581,0.772712,0.13311,0.611258,0.208689,1.60036,0.108702,0.647635,0.0306368,15.4626,2.07612
497,1,0.191204,0,1.02253,0,1.04556,0,1.77417,0,0.633887,0,17.7739,0
498,4,0.312838,0.0341416,1.06693,0.0660833,1.14162,0.143026,1.94099,0.197858,0.632458,0.0219952,17.322,1.78963
499,5,0.405243,0.0512971,1.09169,0.0635747,1.19503,0.138536,1.85373,0.15627,0.624122,0.0140964,16.4457,1.34912
